N,P,K,ph,temperature,humidity,rainfall,label
74.9816047538945,58.767857660247905,44.6398788362281,6.098658484197037,21.092130483097055,82.33991780504304,155.80836121681995,Rice
94.6470458309974,50.02787529358022,44.161451555920905,5.520584494295802,26.78936896513396,92.48663961200633,171.23391106782762,Rice
67.27299868828402,39.585112746335845,36.08484485919075,6.0247564316322375,23.02361513049481,84.36843710297063,211.18528947223794,Rice
65.57975442608168,42.30361621338045,37.327236865873836,5.956069984217036,25.496231729751095,82.99510673237539,201.42344384136118,Rice
83.6965827544817,36.16126031799995,42.150897038028766,5.670524123687292,20.455361150896955,94.2332830588,246.56320330745592,Rice
92.33589392465845,42.61534422933427,31.95344228012768,6.184233026512157,23.08106745617721,81.83057352267168,199.51769101112703,Rice
61.375540844608736,57.73301005196955,35.17559963200034,6.162522284353982,22.181977532625876,87.80102031766717,204.67102793432798,Rice
67.39417822102108,59.239615694113965,45.502656467222295,6.439498941564189,26.26379145299354,88.96849968216628,242.18742350231167,Rice
63.53970008207678,39.89957156047863,30.90454577821076,5.825330330763264,22.720741027826374,84.07023547660845,232.87375091519294,Rice
74.27013306774357,42.02336274218452,40.85392166316497,5.640924224974762,25.615378865278277,81.11825965519657,248.68869366005174,Rice
90.8897907718663,39.96789203835431,30.110442342472048,6.315461428454834,24.94800140693332,90.9351075206148,227.12703466859458,Rice
62.96178606936361,43.96164321360681,32.317381190502594,6.363103425875593,24.363086887792903,84.96347037278974,156.35583502860237,Rice
72.4392928686265,43.12958305066868,44.59212356676128,6.137557471355213,26.210489198034285,87.08322387742923,161.95942459383016,Rice
88.5297914889198,54.019626215422434,41.22554395138992,6.270967179954561,23.456569174550737,87.8409924407299,192.75410183585495,Rice
61.01676506976381,37.697285674832614,30.628583713734685,6.13641041126378,22.200491867534286,87.62856036747054,240.7566473926093,Rice
69.971689165955,45.25957307589074,45.11102277086097,5.7287981654916225,20.53885936880155,84.34627179370652,166.12212872540044,Rice
97.18790609370292,55.20300948911043,42.66807513020847,6.371460590187718,25.625704538293803,82.79855088329053,239.25589984899779,Rice
81.57368967662603,55.18600387910156,47.92182599846986,5.818003474971864,20.770363471693738,83.41902743812912,192.71077886262563,Rice
92.72059063689971,56.51826458140859,30.139042610623815,6.010747302577566,22.921877022041453,83.33161715706095,161.98653673336827,Rice
73.50460685614512,58.572742597812976,36.464058640415104,6.018790621743366,24.921132712266246,85.4544440356894,247.17820827209607,Rice
98.49789179768445,41.2945573956341,39.94497011784771,5.8008783098167696,21.993883460642273,80.55330421031799,210.95643339798968,Rice
80.10716092915446,36.28696878124973,35.572929284732226,6.408265885966654,21.67693323466881,82.17342308136834,198.9452760277563,Rice
99.42601816442402,41.05138178778751,43.44271094811757,6.261619615328717,21.663462807946797,90.9232452291779,186.77831327192533,Rice
85.29223322374318,50.838242769022365,40.71549368149517,5.590289770054408,25.847117469124665,84.81170097457604,168.65185103998542,Rice
61.63100566219056,49.77232357970605,43.55128723684565,5.5165878289278565,23.584651408094967,83.39743662796907,214.51727904094497,Rice
66.97465716019965,52.27344345256165,37.734706926010745,6.436729988736735,20.962646609021952,85.11599526575388,161.34735212405892,Rice
96.98774473114251,56.93348383452452,35.15883255430311,6.159984046034179,25.72055540140851,88.32801217399194,202.96505783560065,Rice
69.67409163601806,37.32756919514748,47.944315159066534,6.40041805716333,24.431710200912875,85.08544686573052,184.92095746126608,Rice
89.03822715480958,57.42775649881443,47.741728485302346,6.279875545857624,24.494221523080014,81.26209947492573,166.1628714094614,Rice
95.94216754108317,50.16072649148975,30.183941032332594,5.601471542866032,24.644512383756393,80.07592375769327,166.08080514174986,Rice
81.94935157466344,52.297379942317335,43.03922519005201,5.72426930946056,24.985254549432753,83.558736312452,182.53996981592678,Rice
89.85965620472096,51.24082247618037,46.98446820988356,6.157612892300343,23.9781602233483,81.40512151742139,186.77158030594336,Rice
70.60809470726902,41.09974108447709,49.46021109504891,5.89309772466676,26.244325886239793,89.46707938995894,229.48113035416486,Rice
80.10548372420769,49.422597115658974,39.85035387637728,5.695242987798045,25.057164806830535,84.21158543661284,152.43159664314538,Rice
85.81889183628671,39.42776698517622,48.80917168705828,6.453928577002587,26.40405073154314,85.55238050383167,151.54566165288674,Rice
97.13274250350901,45.70460370793286,49.33309638087339,6.463619977089253,25.97106618827152,84.41673338104378,188.50977286019253,Rice
94.04546686067428,42.923050128906944,33.38985493372185,6.05680126245835,26.553083419125468,90.4404469501246,207.00611700893649,Rice
63.887059750830744,50.37518066747924,49.801077002085265,5.640084015236524,23.628307566546155,93.16059607891933,224.07686177542044,Rice
87.88062963981072,52.56210209967773,37.1898230243951,5.793591844264493,25.665528088349596,92.15170092018771,236.70723185801037,Rice
96.52962210225886,47.783559971523445,40.03032589374399,6.298295178966775,24.549747515444356,90.52950315886555,229.5792669436101,Rice
95.60021367270265,43.449878921288395,37.511659052798876,5.593981939840869,24.047960986973216,80.53913410695114,196.55980181324603,Rice
81.70578538830307,42.16353130320711,41.81666521138021,5.530500249939049,20.2614373212445,92.33900840989487,186.01906414112628,Rice
65.0824205060754,48.05608150137011,45.39987106197222,5.715821027496843,24.360233330733003,81.28021197490652,155.16817211686077,Rice
81.25418526272591,48.51587804025266,42.74859802996413,6.226091333722661,26.830964556237742,87.74450522451792,182.2956472941246,Rice
91.80744779074814,41.770806281551856,38.77942841411272,5.578456381342266,20.177455203908202,94.43972622016888,233.59801205122056,Rice
87.83896824374793,45.223823610356746,33.46588640141692,5.656437042671086,21.75170028715217,88.23839997059181,221.45959227000623,Rice
86.40789506870925,41.99834742364857,49.097305613263885,6.237896916695768,23.880478367579805,89.17581119351529,191.960006242779,Rice
69.9092395800463,43.89931696628154,45.15692220928738,5.514393488629755,20.812508483548413,80.6900396303263,154.07288023189702,Rice
94.21842336044028,52.591446484500594,39.4834765817465,5.597834160651002,23.441311125817826,87.10207656170849,167.32018699100152,Rice
77.35406596951893,44.96261835993434,42.317001961044326,6.135093650867644,20.317128068404312,85.61918921939707,212.58599157142365,Rice
80.12545034320351,56.41224602970806,43.1738726323789,5.66293442708143,20.49398123180301,89.63628917309474,152.6511310541622,Rice
83.43102325093852,58.50575603562394,41.509483557517584,5.888169926206522,24.50301752909647,86.87379335737275,204.5616789315935,Rice
97.658592351061,44.652565945019354,49.22381127647829,6.405350641956064,21.370537943525076,81.04041951312749,160.07780013774266,Rice
60.72887302606199,37.36107401889821,43.66013546832714,5.571188648460229,22.23282941205633,92.67312966454182,152.32719357358258,Rice
92.57873930355743,42.046369369335,32.36329655243313,6.1967371653641505,24.40259992745919,93.1620802029058,223.50710438038857,Rice
92.13923721539393,42.05086431428266,33.548790875594456,6.250614751640859,25.64784317487085,94.8575771300101,191.26176769114267,Rice
74.88072343171133,54.41032401854992,36.816070805060356,6.430757325603564,26.008889262901082,86.43491041062528,225.08710677914974,Rice
90.1817149633873,37.578096720898316,48.05105813359133,6.005252372447857,25.78520226275419,84.80074401545917,239.55232284962005,Rice
75.56806714936653,35.27094128700746,48.10763952838528,5.591286676786133,22.235195463132904,94.25092950576207,245.0607146937556,Rice
82.93751552493144,50.79593030424498,38.96891043956639,5.793210771698065,22.30065181758941,90.08777684115557,225.237452943768,Rice
91.66316174903395,54.740453569863845,31.824122060973806,5.994420304702581,20.40291132011651,88.24293323485603,194.1530501373377,Rice
95.508167310332,43.77287531380197,32.341340328552114,5.642991682052836,25.330574422022305,89.27327094974392,160.11226761227903,Rice
63.364272244599896,52.524228286478,31.45526012728387,6.321860059290357,24.943695590095473,81.2202317096285,158.4837714085192,Rice
99.46558314004702,44.35676989390301,37.412842941337814,6.312799567257502,26.630740041687012,94.79001595734306,225.33781852589416,Rice
75.05038342123663,37.08751791746672,45.542938318548735,6.058404249735805,22.969554064728833,93.59531577642105,161.11974823061513,Rice
79.70500417163436,35.283841119185475,39.37321283988253,5.556303275681837,20.831725413876505,81.76289370165658,214.92103021160636,Rice
89.84179517061693,49.584219127428995,49.24345096949084,5.874870579523704,21.999984603973026,93.02898692284191,172.35958385194527,Rice
98.52890157762445,35.30386186724541,49.397576534152776,5.543159911950577,26.238001795886497,87.9155166362945,249.29647961193004,Rice
62.95186258941595,48.84635711003302,49.38605071238198,6.023097844170149,24.40579046694684,90.43623033476926,195.45410647677733,Rice
85.10232320336254,49.607857798077504,48.02316020981978,5.545446380341458,21.966742327145614,94.25617226114838,239.02637838909163,Rice
78.22627011142852,50.50331494503842,35.54762365962265,5.688121159723761,23.245888834579876,85.3002834203908,208.3656111850872,Rice
63.10938547859939,59.35987019165417,49.72421488959206,6.198161714019745,23.752674564408842,84.64291424429491,231.37950197069486,Rice
87.38924690215518,39.06542348362228,48.21854368987685,6.322537242923169,26.64859939304347,90.8857926258254,211.341519593579,Rice
76.72972145162475,58.31821208385033,47.32127779000817,5.545218670106189,20.184568821480763,85.64695050317074,231.0553330781833,Rice
99.49104517259778,38.760422277588205,41.8826143070427,5.880890856631021,26.789400784702224,92.63178384703563,233.83287047111378,Rice
78.7477263917988,45.37048755844163,35.468141438614126,5.556375496650928,26.053056633785374,92.19351513695116,249.97176732861305,Rice
99.86547348295622,48.88579264006569,45.379748303610214,6.444765729882428,25.94753173474188,83.71022152614796,195.05441353100935,Rice
65.1663766060598,58.85127568146806,42.1234926890176,5.728642805503463,24.701904790841,89.27192360686844,185.81627180328405,Rice
64.54230368798517,51.78932988981999,40.40615401807587,6.27231839173564,23.641144507783952,92.7827225047781,205.19068387744855,Rice
82.43751886141546,56.91634006645863,38.06965732424794,5.63401522845064,20.201478734193373,91.32705883510428,212.03095513534646,Rice
88.16319072396894,40.32410403772277,32.727429511735394,5.514544665667882,22.454112911646178,88.8487653028195,189.22440450997323,Rice
77.49899688094916,57.60396736234371,36.96510934046601,6.013989489159811,25.485571089188,85.94814173481905,212.20867002278735,Rice
94.4945483498698,58.738015591441055,32.94146961858076,6.426587625161495,23.44481405155677,83.87366582448438,195.91357562382615,Rice
99.20130301141909,47.31545234982174,36.57503220575016,6.133400854316726,21.681019331447352,81.13794992162995,162.88797219106493,Rice
65.1218335583109,38.79756733780736,32.7765434529882,6.140874744803215,21.273160590794014,85.18500924985796,239.6788409906012,Rice
78.95846561051489,51.68894346302568,33.4463974240326,5.692289018808671,20.28608031386535,82.53402594608247,177.85903390319586,Rice
67.08041937106987,37.21756334392639,32.412717422012015,5.960778768032726,21.444336028840546,85.46404791572112,200.34172708548567,Rice
87.61579314517462,35.98280349602747,45.98820797818085,6.127900389490907,20.572313223642105,93.10367936160166,242.08724005318132,Rice
62.44311839419455,41.92194120368009,46.12402559586123,6.248259690383659,21.291647135494642,83.14023985005065,187.0472102791382,Rice
79.38091940764085,50.4563692882574,37.378272791395446,5.962534716133148,25.232296566936295,80.55024804335896,175.24369443440207,Rice
88.5339834353821,57.38017094217999,40.233548842313326,6.032113485265316,20.75020407937843,86.71118550235182,203.2617266455023,Rice
69.69882014538919,41.731080773734526,37.54568326209245,5.520071197777726,22.254554159082247,83.17172010494816,182.74973521779145,Rice
64.79048527277004,57.263182018497375,41.87184907108097,6.17910231914449,25.52419867025137,87.47663298393586,158.69202880874238,Rice
81.48426167274191,49.671027950521975,44.908789483686604,5.931659546229679,20.893062119568945,84.25663858698087,186.3082296398635,Rice
85.83668965326405,49.269457616722796,37.12193451795692,6.48651524879298,24.24042373549821,83.55840187603992,160.17824726204037,Rice
66.11436556737328,41.1489432096127,33.21362746519112,5.686567024051306,21.99566618085693,82.60060392942133,239.67654246264252,Rice
63.20934982646569,48.11278473925637,38.20793653979323,6.482378616908607,20.784272315176366,85.96783398568613,246.9470433275369,Rice
94.62028503575921,55.426801773731995,35.1580565408988,5.670887587390066,24.680502539471018,93.94063983691379,205.67628930139298,Rice
82.864507578796,41.9994773415071,45.38985866383874,5.687043748557524,22.265754654829706,86.38154657924625,200.7610378684455,Rice
69.69638929660321,37.870920618480085,42.21240084883265,5.788630553240256,24.068667549958285,82.31544072911304,198.11401018548173,Rice
81.30357730206343,41.55470610467281,41.732085563878414,6.201622015408462,12.633749704727677,69.7992046477989,66.11769224873615,Wheat
92.3949778341854,47.63921964291291,48.63005444447859,7.14034178983453,17.95638740607844,59.43152377100317,70.59204570736343,Wheat
73.95473066171981,67.88587432743478,51.61238815575459,7.447540365999769,13.242972234855447,64.61734950407289,96.91702284105189,Wheat
67.24932264662641,41.99488802100333,49.82241298580118,6.861709669769867,20.41828776758272,52.79544753252579,89.76336559299452,Wheat
68.06509280190978,44.90967828597113,38.28531595861986,7.221862080347073,18.651972206962,60.46130849538238,67.94152420617513,Wheat
95.08802163252433,51.77335322267906,51.33198878943154,6.658702362855328,15.769444294249077,59.25359571339213,65.0688937082071,Wheat
89.90437520705004,55.081611702774374,39.64425390293635,7.349361859911853,15.838912213732115,60.871057222279774,95.32360554822735,Wheat
84.96951983655968,43.50694122125092,53.796642472269504,6.9415620796071265,15.349056146570861,52.785441453267744,89.7012594635148,Wheat
84.80291023714054,56.00383275928965,52.87785166101915,7.182895816836796,13.516748797327512,56.23444135591097,62.424456990723286,Wheat
89.75785170290708,41.00597304207338,46.39779369742633,7.143688028611036,20.767656367617494,56.84163497431815,91.06286523360063,Wheat
64.42526947820829,65.39356875203555,37.549773246639646,6.595930935840551,19.972953657795536,52.99834854697548,61.462569761632075,Wheat
88.89010273572265,61.601096096382236,47.82295265770595,7.04092266670065,17.427244433475963,55.03598117813905,67.28479967519597,Wheat
67.26390867205703,67.25351684000884,46.66783589532241,6.60127712514546,16.62005803644133,68.94566679223631,57.66757015580401,Wheat
83.44919328067189,55.17666036653398,47.22908470869296,6.027165275731261,20.721239089441514,68.64236564967224,78.25665917946044,Wheat
87.8660329550757,67.67498143531887,49.14477268626797,6.228808564371392,17.762883601668133,62.13430092765712,71.2065335651193,Wheat
89.45776942498891,68.03101044307044,53.51137025813553,6.676259057106198,13.132380458407553,69.69682397924669,91.94490432229671,Wheat
64.98650724813068,67.62525647852117,52.39792724124257,6.778257085689108,17.912754357449295,57.980054077402606,52.73808194110157,Wheat
73.40788966583604,64.08560345794035,35.092640460092056,6.500248757536716,15.981686935909433,60.74791205875846,95.99278082063802,Wheat
73.85383977463844,50.40859605688683,49.75002496219497,6.678326911334711,14.24604822939982,59.04879032265387,57.04285101898999,Wheat
67.05547946024893,54.95103318218439,43.37850899009096,7.372268851602151,15.62393899116633,61.61176700556087,81.61321439597651,Wheat
60.523778263533345,59.906121160501314,38.56071933739503,7.441605476204183,13.486627277531129,58.29248247454048,54.26748340393219,Wheat
99.87497007383789,55.065850309937275,46.90770034640087,6.100614716082641,19.49960470399178,54.19811186191171,94.90271447203568,Wheat
68.20558561928028,45.720631619909994,35.730993356961896,6.7081004176649985,17.648411332626164,51.31417278856705,88.77638083475053,Wheat
78.13155338992111,55.7317080798274,43.81525493876456,6.601144591312989,17.596403313082178,53.10480491861425,59.09640652476355,Wheat
94.47142484054069,68.38346386400897,42.46618632559506,6.406117009715331,18.439995432390155,58.17468342196193,51.26931778301724,Wheat
66.24610389464762,61.47916686542193,48.17847883820303,6.0406439887552255,14.219721619329494,54.62149593176143,83.59463717993643,Wheat
60.788421510174565,43.123257459537214,50.99832170746379,6.2678169930815,18.527461078518748,54.76365562093453,54.97206963796726,Wheat
69.72688763997816,61.66800795566978,52.11392936212572,7.245329796850488,15.971835296184548,63.36170273141292,60.24921477079105,Wheat
71.72590921044053,66.89007455563359,35.260038470214724,6.128262796281702,14.078862551460272,50.530644077476396,59.071771754489866,Wheat
83.32166243878768,52.642736517774935,52.8534342215395,7.226165342607661,15.41817351697876,55.18846866862585,68.98462040836334,Wheat
83.6117977005923,48.041909224686286,47.48297815698268,6.614117478286861,17.5204718085198,58.722530582706334,64.72328797709588,Wheat
97.93813227848626,62.908173824792826,37.80226351532905,7.30270196384687,16.874311982495136,67.89104453788183,89.99276279736577,Wheat
77.00854017876934,40.67407924960352,40.37354718769892,6.8124513219913005,18.334782198261472,55.157753708664046,56.96780370364121,Wheat
93.39720947197196,69.53206542110657,45.51380364605372,6.2575189287724555,14.72307326519369,50.367813530949334,95.71494032802495,Wheat
64.71004331560565,57.29549426542761,40.48110441374412,6.83126700377369,18.514203883518643,66.59483607414404,60.32106358803016,Wheat
60.43983314633922,44.10656890206422,53.0003728369621,7.310835116343773,17.974131021703084,62.010337208673064,83.25183372731277,Wheat
67.01485114493798,67.4323583777488,43.375410497841465,6.574707792374246,17.189177052828377,50.939319335501104,58.31416843780397,Wheat
89.52134465705481,42.483960037753796,47.06304218932776,6.368023664521981,15.892956140419766,55.773874735414,67.78363582324747,Wheat
88.76183620736981,48.91365146869525,46.32809280593794,6.7140756032986495,18.63671165362648,68.73659478649516,86.62860486051252,Wheat
68.59761514363026,40.93549405183854,40.2452808859965,6.892616896050383,12.514258134842503,59.927324944024726,79.84214244584446,Wheat
73.36975563267843,63.12736611237466,37.131965062675434,6.112706672603713,19.281887562036033,59.90982632412397,84.4201198213868,Wheat
77.39309354414985,47.3920609971732,51.38204635348399,7.199123818453469,18.946964708544268,55.44290274459925,79.51153334345435,Wheat
74.43895587760107,42.747462199799024,53.34627150924486,6.205227946378442,21.502373538208026,58.92011545915911,59.25664644193098,Wheat
81.67603789513433,66.18837507629225,49.644497728191226,7.209841721792174,18.587833667107173,63.84553129035705,92.45978257826596,Wheat
69.98672035436743,54.68274890929422,39.42418883639205,7.48150201199497,21.440593396866134,50.788536227370116,85.27875862578442,Wheat
97.00993269662663,45.417260353820005,46.35890461105259,7.373232446382063,12.339459785857988,63.9484053449368,64.86745036862754,Wheat
96.97584781506121,69.13174735496104,53.88532978226868,6.711321324986196,20.620426509893136,66.8909879707014,65.95502366216279,Wheat
93.1566189660271,41.11022904146478,46.92539756964106,6.345013255931555,13.205668857772789,51.539064032584186,84.81443879390699,Wheat
73.59499855072265,61.74300314586284,36.30712681597885,6.472935506745915,17.394912923753374,65.81446329677927,65.9376251466035,Wheat
85.03565505748037,66.57933244708562,47.31726376364609,6.34943921213045,12.24400781556538,67.4019774780186,51.063470542519354,Wheat
94.98806690736798,55.868114020816364,53.781353970257925,7.198174853660499,21.979341105333376,57.0142363090342,88.35941444655634,Wheat
76.07723654436968,54.396268609117264,47.5501092643674,7.310515671279508,21.840834691992953,65.36546827729036,70.8883391083667,Wheat
76.85428009108281,62.12746904766674,39.775542915366046,6.165711169697092,15.546221576407765,55.74477983308164,64.81540602279951,Wheat
69.3443100419964,41.26279568909086,35.35747869466827,7.4815835846040475,16.277731337358624,57.68653294319363,83.9823641346535,Wheat
68.73015551460257,68.49883551850675,50.72690028831104,6.134116503468389,16.175807757849284,67.58236615124329,97.2366011145705,Wheat
78.69606044999479,58.40234167632123,38.3406789218415,7.486752939205465,14.316717013834435,68.85463548270252,82.48233244961843,Wheat
84.30947179515437,55.38065533049526,39.61339623435517,6.264792048008262,14.204862090701754,53.72876524288509,88.97922367833766,Wheat
74.00501036666921,41.73528029690189,54.38205260281623,7.325678827445138,21.27752283195213,69.8981564529287,58.69476246097437,Wheat
75.84968075610635,62.74715427112274,48.92041236107585,6.230843859509783,20.158331249906176,54.488811436733215,61.19088074113115,Wheat
81.47897691573654,57.78819804525109,46.60172415675622,6.1372302560966325,20.774608626303802,55.31200085177412,56.47574606414021,Wheat
95.54992319475909,68.6695449468926,52.24255234530901,7.214274112087317,18.55241980639022,61.01714741218279,54.34933799557051,Wheat
76.33812852282794,51.18065551036942,40.195075675206525,7.085130170532878,16.958757350787707,51.62092431815296,61.009160097490565,Wheat
87.33035054638384,42.283925784709005,52.02413828097538,6.742719790520962,16.80586577326648,61.84815569319035,91.23404829625746,Wheat
73.91236831608772,60.34048457677191,46.31463927991582,6.400542405254132,20.78629986355158,65.94852043213857,82.92259173292128,Wheat
94.02326916376967,66.01882602879407,49.1672595343007,7.2555199925455085,18.974714616692836,63.60281543520601,80.93056891075922,Wheat
90.10866558230565,44.75815315879221,52.617415183978565,7.307765291617848,12.292472830345591,66.51633501129525,56.44349337367226,Wheat
73.40475417036568,62.30524768874823,38.21519792096616,7.2269505361785935,20.32134177957742,60.14935467521673,50.31929358584168,Wheat
71.48152532699652,58.507807551272265,54.62372356054847,6.947720290525003,14.598035810641598,62.68011406199223,76.99926898579278,Wheat
91.19381580604575,43.20941916480875,50.22055805004056,6.811899868014166,21.629920038589944,56.83744332077372,81.6310946566974,Wheat
97.2811242204007,43.07529183972038,53.74456974472902,7.03182858345122,12.678370591051719,56.01927133893633,85.40860443226407,Wheat
62.69402405875087,57.4651138052882,41.917661139059135,6.9313732766512155,12.457420338125129,67.43073612304752,98.67444845886985,Wheat
98.75511421142767,62.48955495228774,37.60172480261264,7.137394793893534,12.245869164588015,50.442471030579945,66.18051095747705,Wheat
79.54572761618664,63.112222534233794,48.665907532130106,6.668854059565122,14.736266662816659,69.94249000315422,71.30906511179865,Wheat
78.05548097318702,44.90871463575007,50.89619097499859,7.040523338672233,14.207696127887605,51.64762091231685,84.02496510373565,Wheat
86.1804485712454,48.19778580994628,54.0172712450082,6.22658683767135,16.32334801042602,68.87231840335198,70.98636584630611,Wheat
85.54103790656342,51.92783193888383,40.4843040469734,7.475966471939742,16.09334006315043,67.88198407358269,61.49773029455431,Wheat
68.52418816100334,40.93402248653534,48.0333365075177,6.5527895155856415,20.64358249839637,59.46419813383115,98.40967139573608,Wheat
67.42102062812485,66.05869503866832,50.53193705583483,7.156382766966078,20.44783228116888,65.22047981885999,81.31101608157077,Wheat
65.2497951072955,40.975785384737556,53.41695695631374,6.924975471781107,19.96537290976176,59.630447030251005,55.86540944811972,Wheat
65.00743168810202,60.566958616869144,43.60611789798925,6.300787090050505,16.915945467414367,51.28417874150268,79.09857009571994,Wheat
70.75973617740391,63.92677301911564,41.207239178471475,6.682830223622702,12.116205399081007,51.44893775589118,69.62467782033424,Wheat
79.19755338868494,58.00061644357911,40.833251574186065,7.042472829189814,20.601223971892047,65.59701977786699,51.980941267417855,Wheat
79.22027789031316,43.147905352545244,39.84090031725055,7.47999388990072,13.424955429015132,59.97776306902712,80.90778671590596,Wheat
88.09859882176416,56.78946050460742,35.195416948383674,6.489691962365987,17.177116433847115,51.757329982896664,67.53134656045904,Wheat
61.328124351654665,42.35735491465062,42.93846552403192,6.19907363106459,17.67540848261558,63.78929938274531,90.02933495545415,Wheat
68.0060097697924,45.024477467772094,37.091356806688005,6.954645374315455,19.064757264869012,50.63172289651284,96.81061231218449,Wheat
62.0788513460589,56.238890059032116,49.18121038901833,7.306453685619129,19.140869321324278,66.03456166139584,66.97250962714031,Wheat
92.5930045498605,42.40344539154025,52.89633312121055,6.821388564230604,20.172977699624937,59.046365690366,82.17888475982625,Wheat
81.05610643744453,61.947685652659956,36.632599640611794,6.090528125985846,14.471032340101464,53.19089360226377,93.58917832961009,Wheat
68.76855949432178,69.27595767457393,41.737915835422136,6.273176873533049,19.89698507142479,63.17415551001752,74.90978582265694,Wheat
82.21454203750525,61.57605334816792,39.56909482662597,7.494500874085113,21.74793162146783,63.006513726938735,59.97712254645725,Wheat
87.20912969725165,42.165952269375275,35.61305004411612,6.386524332766821,16.626229567393164,67.36545010816761,86.3584534883154,Wheat
89.70826084799924,52.764800033442256,41.91869985093926,6.556558144476904,21.876495637360577,50.80218382824965,93.35157480612243,Wheat
83.14701634289574,53.158462575687714,49.50515320830273,6.730003412137054,20.734232380816607,68.01403728022517,71.08604634367276,Wheat
71.07311188940207,57.77050985780087,53.24726691233382,6.3159932835085,18.229665835634826,62.63120440185041,86.65565112076405,Wheat
65.2627074050904,61.47474894046266,53.18065041331282,6.269524663305363,14.375433249238776,69.42790188083279,59.04884763547449,Wheat
94.17540373478317,54.768335693441045,39.94462148806354,7.306124851908767,16.453052550026655,60.296347078593804,67.96166846998828,Wheat
83.71803405739709,44.90571617755069,42.821630733035214,7.454118483502931,14.581334327011275,63.13473329082584,66.25950321123474,Wheat
90.93892502746402,43.92620982155049,54.39642090157089,6.680684312075459,14.36050463346464,51.469934946600254,58.48789525437704,Wheat
80.79095794224071,50.11009529293859,51.577667317652185,6.646331285492709,14.4871427258763,62.3428997320806,85.33886084427229,Wheat
76.681676316038,44.19048040720794,30.916785673338573,6.604603022598461,24.63804527621805,64.49261751499628,109.0919314278438,Maize
102.22680611800213,54.6338591099188,51.70678201283147,5.808761815055153,19.119196193977277,60.394992230339795,53.99607992625204,Maize
91.24678112004128,63.41514230737404,30.983588516712743,5.68316487101504,22.521990282834352,73.67750035055809,72.13092734837254,Maize
90.2893923475357,41.0393214762598,33.708580024052225,6.97994518443827,27.651186964360456,55.09879961868819,116.62682497962673,Maize
95.56479751262002,61.697957363000555,41.368496390846474,6.273394042868875,22.8884658025692,68.33728515092209,59.7755878329419,Maize
71.19894359490712,47.69824853977977,47.61701906841617,5.802780178184422,24.734324333249173,74.3982409221454,56.573050105259284,Maize
96.90408472900505,51.09375548261428,51.703556359437634,5.7657246841710785,24.926259522261645,71.76230579296221,116.12299536318163,Maize
97.32992113158583,52.42936910021068,45.44618100503035,6.803357476718078,23.706097466388297,55.60774119393674,115.16640868548845,Maize
97.58107004126245,56.912834644431165,35.39187880994293,6.488328205348986,21.938644056541584,68.02465954082984,57.46151212155935,Maize
96.31381218412145,64.98534314426666,31.2053009715139,6.9657612763319765,22.069079607228705,72.41506900674518,104.76698388407914,Maize
92.68065043946672,58.46123023128317,51.962889032533695,6.106210482476549,21.270331615632387,68.3518677112717,106.5492159358881,Maize
100.49140539106463,59.94534122146587,40.88958287032332,6.7267513242625325,19.202090553706086,65.88978195921699,50.40310623486851,Maize
82.98343319601081,49.16153837178494,39.90431729023138,6.543200810034794,21.885581012703458,63.973872452450614,66.62808916120292,Maize
84.9300716651736,45.68174068157879,31.829898094211092,6.405172890072067,24.682127985550164,67.38980692019229,82.44458306604007,Maize
85.19143120716919,61.583341239295635,42.97704462840545,6.218772816444597,18.256420658064357,61.824956552523126,76.61369331501,Maize
85.95291123587602,54.504309230683305,43.340063668171965,6.411857639190167,25.648832615421284,71.25971477432188,100.2686153358546,Maize
108.22094783819739,40.45581456690904,34.89444964208865,5.511344312467213,24.47474714154603,72.96061097899974,67.04376076034094,Maize
107.08138179185227,41.50668475723902,53.36090067013786,6.027434030859451,19.014208284492167,64.71743518372651,67.97435974043556,Maize
81.39491607847691,47.68224912315716,50.075647445816585,6.308741915012882,21.113076991560035,67.20667566621836,100.13054719562355,Maize
80.90496002934135,50.33872753813379,33.04715233342369,5.771724024302021,24.811178539649827,58.62876695391254,86.76143685669422,Maize
98.3618504688973,42.6719230773686,44.182805490722586,5.884844175552046,27.6292687523758,64.6709129343985,106.41947848426108,Maize
92.00906168625048,41.08531332137048,45.828784389850554,6.927105013309985,24.016118201463314,71.3837771885358,111.89445243438854,Maize
79.1231908779573,45.30112099770567,45.274524721274794,6.116542704710057,26.398613028667203,73.00046246796022,74.73949655119027,Maize
79.47482235897928,59.51313788109655,36.8701508887034,6.733921477770518,22.23738253648763,68.35099798582941,56.68747196842677,Maize
94.95437298706292,51.294191968430724,44.66521157938685,5.752021311617295,25.36873744944182,72.25594155086458,65.1717860063543,Maize
73.82858222080647,40.59096465115841,46.04928751108165,6.410641054133171,23.466974127140702,59.63894192231951,77.36341971338602,Maize
93.77905340744692,52.41917147147923,54.694638005372184,5.7046596288351,24.951445540475937,63.086375362085846,79.97397304479304,Maize
98.70391062632706,57.31090378310924,54.781399842554706,5.692591434181188,19.041096493841664,69.48677634257483,90.48708419044863,Maize
80.96642666239224,41.985484224724665,32.14145623991077,6.8412863119961775,19.918673247187428,61.46743124231041,65.86594815588916,Maize
84.1998522332775,41.735596068652335,42.97649477270676,5.601418845388323,26.003565078223616,59.67424163820866,87.80083402231574,Maize
105.20316350245832,56.27193422617985,43.32394466378338,5.986500629673063,21.33001913058198,68.3897391039638,119.58975528548173,Maize
96.47356759397515,53.94458543425063,48.26626275598115,6.197808418425577,18.60142342600785,66.2459363175582,117.03376991537661,Maize
77.01211769430638,57.25012227051664,35.02334221647641,6.303741526709622,18.966764496467196,64.0074187251637,102.93143302266722,Maize
83.90286096955928,56.622793112180446,49.88624901974323,6.8907667292191785,20.346420818554535,62.986318316186164,60.66912093312922,Maize
109.69934008633501,63.17502419810738,43.498928257013986,6.763049941564632,23.20957977272042,67.4717137600552,56.238710248121166,Maize
100.21081681987232,43.19283709088087,50.65169075631321,6.673042131505579,25.087446977429764,55.723207610495244,71.218984916173,Maize
80.52450279643372,49.003410186787974,32.19106866909596,6.905436734546594,23.538022407123762,61.11048621316047,77.78870619519984,Maize
87.88810162019342,55.01485833401543,42.89198569241245,6.879087959821626,22.9696348290583,74.84316029646625,109.59974704215671,Maize
78.34042057429343,63.264880366097906,32.9091599471369,6.726174562736787,21.806232934765802,72.55948640890139,110.76396830752152,Maize
102.23701600470486,59.750760907676536,37.61697847745102,5.621378924576878,22.029801787651614,58.47049029973017,98.64657622317232,Maize
83.84398906151142,64.39025502149786,46.024301933633296,6.733720845451542,19.325246727418484,72.24028964545245,114.59300333593761,Maize
89.48247675275744,55.15632344377444,49.120245022574885,5.762257940890619,23.025660764634424,62.97326055544626,60.246179451357435,Maize
84.70137689166125,41.70430773463734,30.645297673737176,5.702749433732234,27.63115111589174,65.99059071790035,117.6075512807254,Maize
87.29991513320527,47.79540332713149,42.6535465710061,6.159267532949365,19.05664684261744,67.81652629380412,65.12267277567197,Maize
94.78351819591319,56.25502730995383,33.8006213282162,5.592024440666002,25.8076158606844,64.1960084753864,54.0714656853833,Maize
109.79465268679068,41.44451402490917,47.37588072146383,6.975518387895121,20.391801042159255,57.844987373743926,58.496945759570025,Maize
82.13100590270382,42.52614527526617,47.304033542353295,5.593437697195094,23.094221281497898,74.93393707705954,106.97791886542132,Maize
94.60877752924043,47.65634051966529,45.59739590729096,6.290562195867477,22.260833838903714,57.61420753480399,112.06229506683266,Maize
87.99138595285291,44.865562795519125,39.19398377193224,6.121194628793391,26.275378955668742,69.67228761122804,103.85134255489379,Maize
70.4412505771459,50.403849954494035,42.03360379088309,5.528788415234585,20.59813208745034,70.2057964624427,59.597679401029936,Maize
91.41240525810366,45.38004680043094,30.30301936609733,5.861802186399312,27.758737549100537,71.0307422376598,117.17036510247233,Maize
89.5141617570545,42.74340496693759,43.698987224342325,6.181566001839942,26.443570827396158,56.96165161568489,84.17687959152448,Maize
76.00194658775936,48.116898172251496,48.433926934694995,6.21402719405315,21.75888285145769,62.8895255714007,82.16127378841907,Maize
101.40066175348227,62.30211722350586,53.883367162598205,6.6803550793829425,21.154068957480128,68.76269412173085,80.63221868387743,Maize
80.18682488184204,61.021789485648064,30.960658724058124,6.852642988203135,22.61477464624734,67.74402953616561,96.15477455440478,Maize
105.80470962826146,55.91674205418018,45.34833961900154,5.5999780608410346,23.184080219452042,58.003380016340834,101.62036381050399,Maize
90.48887683250697,57.00569448020883,31.041822515059607,5.627188024068705,25.163233880626823,56.44168671997347,54.9879709435681,Maize
70.4843390093955,63.912534957487004,48.43770898647517,6.029877112753097,20.965355812876552,61.99406459491699,104.22574718268274,Maize
96.45482444281657,44.6298891966867,34.35273338335211,5.647593474570096,24.603027197013382,70.28745324443472,68.55324998275029,Maize
70.83779844123652,42.05429168691068,54.196500871125764,5.9431671662161305,25.692231478381338,67.49327137708528,76.73577477570271,Maize
78.22749048782221,43.03466045398516,45.37532420097166,6.661950670956682,24.439042535411307,65.60604266498316,52.93658564021454,Maize
108.73955110377536,59.96785479136436,37.320550917524116,6.969955494038276,24.018815896363222,66.64845316414493,102.36512256006725,Maize
102.4707915236055,56.41196518328756,33.202393659155,6.007401258991748,27.280836403260498,59.49231223687704,76.05169166862593,Maize
87.28307531776784,50.98512474236131,45.323489562363136,6.914613756617062,20.40692711832505,57.430027526018364,63.82293429019561,Maize
105.47699600837078,56.14527031638015,37.147669730979004,6.723920408452926,26.61369996363436,71.93028677380556,114.32485735476881,Maize
80.08964080693447,58.87604821865696,41.5134874318535,6.7629978293350925,25.284906771616132,70.5289489299945,95.93132863767501,Maize
77.09715077878828,53.62567297242346,54.616743488112704,6.906082099745678,18.431737357970118,58.296296314588744,59.22101414181933,Maize
99.03919639941182,60.44463324642363,35.3377841577668,6.258779039427743,26.407030280112,69.65603089532502,87.95660438442938,Maize
93.61390761835091,52.709013672907,37.438711282970516,6.347532989288524,24.888853020500907,72.46645831721615,94.54039477854737,Maize
100.44486148172632,44.00179087386432,41.53893686049474,5.51399742974064,20.46678864521623,69.5292343022601,119.42669659445544,Maize
73.96712398348863,50.03735789653221,50.00177421747899,5.806053451943348,23.550849493022863,69.6614259205935,93.11898151821254,Maize
77.52098938461664,48.884614217143486,49.59479461213493,6.331339771198025,18.052296135429128,70.21981520056188,52.47179484581673,Maize
99.82935130924929,45.06201400413094,53.951837002984504,6.051911126953127,21.26931616338079,57.97776100664889,71.39229508431504,Maize
105.06603047312802,64.90835844068118,39.20773826267121,6.1729159464318135,25.220709382027373,72.72391560930149,91.51310339307489,Maize
85.66102792711317,50.315546021215596,47.39045366242017,5.504827395406418,24.195893374598406,62.10986020882715,105.59381318939589,Maize
73.71962559292528,54.70505667370976,42.024322247153094,6.463488288857841,18.648535944829682,66.59967574856262,89.30392115716666,Maize
92.42640377664684,55.08719166491137,46.91169843065906,6.707483499521155,20.698207201282145,71.50098820360124,84.87789775844175,Maize
73.08233116537325,41.46377323109948,38.35595796740152,6.6773454656672016,25.076809347409156,70.77229929344813,86.20883395091266,Maize
87.60795991821962,43.6863131676571,38.20481884023279,6.151029049260813,18.886004296796173,59.41223905422422,91.87577058446172,Maize
99.42652456956759,64.95868778482374,53.327833283588944,6.463847799302787,22.21248053294072,67.72354729416466,104.99561326561624,Maize
74.7334476369355,50.2476222424072,50.99505714089043,6.0757494278995665,23.718722712271866,66.75538721724396,62.91333771935476,Maize
84.48941766609154,48.362782218548304,30.65491771330162,5.5362876458370325,26.316970436757735,60.46141619945625,86.26551363671709,Maize
81.94902294355091,63.51698112788351,36.48241897164434,6.144485219108403,26.72730250484602,71.83867133583618,63.02709924923941,Maize
102.10573239182841,51.45467216844732,42.07422180213388,5.700219958623916,18.806015137571247,69.5587861394753,84.75228066487098,Maize
87.47402810460719,58.23770571630992,49.13782247477774,5.7383622515040305,24.10225149477641,57.707081645553714,102.5962560220332,Maize
96.27820625068559,63.91536552708645,31.72395040891053,5.585582081726882,20.821870746932,60.23411367471812,67.28851593503998,Maize
106.25018322084146,46.238654996237656,36.798743153215774,6.639097393626946,22.4973984245054,70.53421113910362,54.575631029506965,Maize
89.50284774693537,40.84034000458207,31.566330086383864,6.859656180016616,19.392453711175953,65.64841364550435,78.77669218204946,Maize
83.8937330503537,62.49583364218181,30.545584919387238,6.495684529263384,27.633944342135504,66.20336366923684,115.57757234231643,Maize
72.09031517144095,50.469832976854036,36.50394477405128,6.596231447471094,27.812970904972467,60.13060124888496,95.79222210318521,Maize
77.9239053103896,54.13325636429025,41.598312167208405,6.958007994447305,24.085272726964668,61.99012744173638,57.986704942155335,Maize
76.04987314939738,45.63292324878088,36.27416653350745,6.775924086761707,23.61222788282525,65.46781822748733,58.033821030845225,Maize
104.4055877339774,58.07035758021209,31.69170904750004,6.561752645844653,23.43538217342646,56.634506914935564,82.08104490700595,Maize
89.38785148520188,44.144363504081895,53.64245367500706,6.774963057220993,24.690223373291083,64.24591122001215,78.82358791091559,Maize
96.03893868603816,53.63579673517263,31.55682764704714,6.268753973155498,26.064036172328393,64.18479755193916,53.63696042879879,Maize
101.45112797536132,45.034094553399356,36.46552087220097,5.7470595301484435,21.302150648714974,70.1350301137727,86.35701016527561,Maize
78.19525096602851,61.94575195380102,51.98954637378823,6.80586763756901,20.38796211381539,64.02478688361975,118.94927592986126,Maize
100.88049905239961,40.679185530638996,31.6301147815123,6.1958970652184995,27.0922020586156,65.77403595905429,84.84687556240031,Maize
74.21894799826522,56.41950261810735,50.552579015005634,6.070630011261343,25.756118509253277,74.28953307801623,64.26365213893824,Maize
90.93318524778965,47.17844895211439,49.821360475845985,6.366390048821736,24.345824175503036,70.95828319231788,77.71793308637184,Maize
42.87725171017608,68.3257216811535,74.73864468506044,6.543848677253203,23.932613504382545,22.23580360375569,55.71537770996259,Chickpea
42.65358136914416,61.92261218444522,99.50564418145666,5.711067292073138,18.0201566840249,18.78984582018868,56.819691300236116,Chickpea
36.35731380812405,58.802607080556825,83.20970255105047,6.422947037604703,16.834640849893834,36.942825578590806,54.108106063246055,Chickpea
32.63016933941596,79.17816538147926,82.53282937825298,6.976165478554747,22.67919998803627,30.50145310460248,34.978646858873546,Chickpea
42.0481939576161,65.68724219801538,74.86700217347438,5.518911279963638,21.597556836383824,27.712390175189583,51.580608671074756,Chickpea
42.256451325445056,56.985164616075735,91.94489471021087,5.781117916146373,24.58177053157164,35.295651360403056,46.22381264956633,Chickpea
37.75606996558279,62.85875282959371,84.13503696798443,6.7324553465657075,20.59265197173214,23.302754898461487,44.826373417509,Chickpea
40.70623131093046,63.38020118427182,75.21284779407232,6.568021030496171,24.25978212708082,16.616574441611867,37.19622338267834,Chickpea
23.549299744024847,63.698535289554165,83.51052936716238,6.6232395054449595,22.51147584881674,30.144142754439212,40.57124839828963,Chickpea
41.036188827119,66.78217918495412,99.37314814045463,6.4512132074436055,17.262647415645027,31.580616613961283,39.75312046295097,Chickpea
37.15817991715244,56.74102870406014,75.24644311527878,6.78360588835868,18.27179557023515,35.76306925631644,38.37828265363231,Chickpea
36.07204775146769,72.35376433774577,85.3796425943516,5.957966015045097,18.12644376371096,14.86292321862308,39.11839203722171,Chickpea
36.32906976328208,78.45762046121206,96.13613446789157,6.649097164802954,23.884473432532985,31.289607490375875,37.80860572698009,Chickpea
42.67987576764575,71.76830779764585,86.8132189294132,5.666484203820222,20.470555438064252,25.969315051250085,55.936908285680104,Chickpea
33.666205504694716,64.51001372426025,99.30400985531978,5.666080889989473,20.225484283119446,15.092641554456538,52.19712362300791,Chickpea
42.951913804978766,62.00093323876224,95.75025030397363,5.938327345692847,25.10770161643915,33.60300949351638,54.14720330524316,Chickpea
20.450163890011364,79.07025892685064,91.80012976210969,5.9571266430792,24.29394664858847,21.31955115878818,56.18261518698384,Chickpea
22.814509760298424,72.59214943651989,86.22095429934731,5.644801705293161,18.41893828258839,14.322504943210184,44.06303896393517,Chickpea
27.53163151900001,69.95893710744397,78.91713423125852,5.949878667260477,23.431931987316034,15.251713735437189,57.08684985575962,Chickpea
41.30659685977953,71.69511708066017,87.79664710322153,6.838453747209479,17.853301795287145,16.053198216961544,37.18530509728615,Chickpea
39.86445696750476,55.86675666816208,87.48420505250469,6.993156274286965,24.556960938375394,27.557587915133325,31.90922727859927,Chickpea
40.78433785964275,69.97446270443027,73.447989911787,5.640785927235035,25.096268194365926,31.39920683639004,54.87860397950267,Chickpea
41.97447250705668,69.29430880120806,85.52339055265124,6.145641115481485,19.169465877911193,25.299494982326507,53.21638967190469,Chickpea
35.04808577537829,77.31308224887115,83.30140043137563,6.4106343680781315,22.31307553091989,29.384126219964465,51.07901319256549,Chickpea
25.935836709370157,67.80909443864476,73.12674408425043,6.076766991467219,20.876670686212645,30.957830748182285,58.5159315775861,Chickpea
35.016276663708894,73.589847904414,85.18798178485608,6.451156047064497,16.709322161337735,20.614181101888022,40.85559279615416,Chickpea
31.81233387516284,56.1412186375596,74.20072292659952,5.915221461686959,25.715326909010507,22.61502218467932,44.461231743362475,Chickpea
24.902442818459825,70.2695017768942,78.42049646547923,5.81048886765764,21.16572628445979,14.143150778170941,30.22992097947676,Chickpea
25.476720227546444,55.918034062520526,73.24077262392075,6.008290974008127,24.025856795798127,28.87326472760182,45.38003177869249,Chickpea
27.33722058020304,78.2938429858204,81.91045123711575,5.630639150193657,22.170665161178015,16.959798230391637,40.35669428405076,Chickpea
32.68529846794522,76.85556311712939,84.80639741020356,6.553388149047496,25.928168389990702,17.418717117347523,38.241945765585584,Chickpea
29.86440188994116,65.54570446347078,82.33063225796637,6.861416503834832,23.140326444668563,29.805535566358298,39.28118153588346,Chickpea
40.59475960553237,78.87651278712472,94.6359484765068,5.502347657787209,22.364013701834068,15.329519917494618,37.72821661001166,Chickpea
21.48811750869429,70.0948863237347,90.5976974047782,5.671731457098858,19.838388830449794,25.862149232844093,41.071590652827496,Chickpea
23.025625012129826,65.47369475468689,92.53534143425254,5.606511496799883,16.801800140819033,23.22405358773559,58.25177134856775,Chickpea
36.714316168072855,71.96674891681411,80.85759972513594,6.390491186812808,16.101311840277432,30.538497206648096,57.3986084272871,Chickpea
35.31433670862048,76.84246483665862,91.71919166398281,5.680837624605536,25.024533072858418,15.727539953250147,46.019024176432914,Chickpea
23.55342809483644,55.2926652682726,82.66102780382917,5.942561061481235,20.86000493797603,29.00719705509832,31.312172169268422,Chickpea
23.07508237809364,68.96605991126063,80.29502059517975,6.593760231324172,22.522916485919396,35.98571343773757,50.77478480007676,Chickpea
30.748276934753704,71.8241655598608,78.26143522766256,5.959470248167319,23.889851599207933,25.606907426441136,53.951410215550574,Chickpea
40.56055934170696,76.4390584415321,97.49905707523622,6.146477830769944,19.188668183211387,29.13716741144696,41.13517270312883,Chickpea
35.02685417000583,72.63964656609562,90.6521505547641,6.061829330530182,17.668602016987528,25.193762800017396,34.27782432245726,Chickpea
42.25242587959521,63.64693651844644,74.63379241669972,5.538171639858627,22.45822386286484,30.559460253823325,40.21812499743875,Chickpea
21.792797221191275,65.2407223723808,79.3365248519018,6.5156809596025145,22.057792494526904,23.47943693313604,36.5367766276497,Chickpea
44.70089915388979,66.35004052990287,90.64822707340711,5.710829451367541,20.855896996593977,14.715954716606102,45.1636535373135,Chickpea
44.10043517794256,64.60516782464501,71.16988037724735,5.546433686379015,19.879867599468696,18.160648348043047,30.70056288984558,Chickpea
38.90534034875442,66.46307522204727,78.67734315917963,6.850124774524721,17.161389602005258,38.8538895528383,39.41900152132058,Chickpea
42.210091807717035,70.07357191198653,94.80122079224462,6.976019744815696,18.884054378187457,38.98952262059741,41.68445684707261,Chickpea
29.637797618423058,63.509677606362644,86.24222822042756,5.73121756476773,21.537114853580114,28.084325122660104,52.8570543781461,Chickpea
40.841249048439636,66.0110337578106,79.06999748054481,5.8890023459756415,17.946238367048718,15.498837137174647,40.2734393650414,Chickpea
26.756192303269582,79.16043464666018,86.73126478750132,6.020915558545761,21.804676009936962,17.619114234988082,43.32131247606608,Chickpea
35.65585803552659,67.22244579481128,82.05336401962973,6.990772583349547,24.80314762148927,30.20855491214544,47.08132083546848,Chickpea
35.5165119956146,60.03280269556083,81.85413229792955,5.559189299336349,20.755460374868267,28.118639182899244,36.832492083096284,Chickpea
44.10072117913784,77.73636527343105,91.66429706367717,6.300079943148043,24.69969159647685,17.396960939410036,53.71529382824655,Chickpea
23.12052034917121,74.85526656373514,78.27302704754071,6.815635871527284,25.44042093825398,17.868695204533005,43.88026815196181,Chickpea
44.52468445406713,67.08518589932866,95.90642567543635,6.38309728319698,19.75329907919602,21.430372443672624,36.09669273258262,Chickpea
39.04495478444243,64.6635126705757,85.33826386602253,6.238488220001773,21.77279029233131,36.50500578623836,59.422180307502884,Chickpea
30.189605214345423,75.68797305265758,92.93583383964153,6.36029342718336,25.56047143611933,19.212337403738474,33.277926309288645,Chickpea
41.349049173885554,65.9787454158437,95.40906562621181,6.839635307793122,16.624575936190716,36.970083837637574,43.449571661082665,Chickpea
32.76081222510581,70.66481277733025,97.7914782019026,5.528674141644646,20.76843468317817,31.880773103194578,51.68120873094685,Chickpea
37.3133107884277,58.360878235203046,78.98186765115044,6.038073288125521,24.04437207679505,21.24775668277838,36.32114891601609,Chickpea
43.936200475952404,55.221582127836726,99.93462567045935,6.515231948286093,24.28469299449117,21.66010430500102,30.429458330011798,Chickpea
38.44673796403825,75.8536149250169,92.21428395860558,5.714275430951258,23.53427922256969,33.99199233479867,49.75621547010165,Chickpea
39.15289831988966,76.1480359919433,88.40812342712375,5.632907070954518,20.87627809667211,16.01888270146173,42.22629093097292,Chickpea
30.17766222814069,56.65024610350604,80.46461601908437,5.666497148186973,24.082352100092223,38.639888675076236,32.16949425773816,Chickpea
43.877880182292536,68.06441498341863,78.98697033861622,5.615293112914245,21.006242680704176,34.65740415675947,51.212594318000946,Chickpea
21.255650286599344,56.82254588419759,82.08619847897911,5.942935741071915,18.323843230560477,21.306116971626555,54.10448229890654,Chickpea
43.230701340796344,65.12756736318916,97.1833300639749,5.982243551871823,20.764369863437917,19.876753943215995,49.21428126527532,Chickpea
44.47452787937022,70.08732740108447,80.73442252340647,6.471726168985793,17.229206784653876,37.105136086900366,45.09251852339509,Chickpea
31.23374355099105,69.64661971133798,88.74351588368208,5.60766370933977,22.826172212234024,20.290223688203767,51.41857897519769,Chickpea
40.56336985960492,75.098962688813,86.57502902223668,6.280254838466127,17.428759613394117,34.158999910481526,38.142281413401435,Chickpea
32.417385570448666,62.106852323187915,74.0148508899908,6.444336545337605,16.543320348229038,33.4647760872812,39.5276038578335,Chickpea
20.003367325112134,67.77822848093075,71.4055572558281,5.914254336731349,23.069764874557162,15.629930162168513,55.18015477068007,Chickpea
20.09549806646458,61.170596730047556,92.22712168456215,5.97440522459396,17.018923880660136,23.366081888811124,38.111798591535766,Chickpea
41.06779755401387,62.83369793962858,93.66797415328021,6.837808217216102,20.338174195765294,37.65852174021419,41.319541618895784,Chickpea
44.10196041225271,57.232238113139324,90.61057799509729,6.240721060685393,19.87648805455647,30.450508847463624,51.11571274902994,Chickpea
20.10908174125773,59.17382721867997,91.39138151902957,6.4995781203673095,25.660475051286774,33.786982546520356,58.52318123194014,Chickpea
37.563512538370176,62.45130521598608,73.16094766752569,6.672735795017403,22.44149221475916,15.252836322225702,40.80151397702935,Chickpea
43.91999538710715,67.51002864275503,82.98187408059114,6.186549407738941,18.088827240051636,23.586386442484674,41.0943976796153,Chickpea
21.30887550468681,74.18919071294795,82.49513295711637,6.733269830224635,24.503480011198953,19.51184542216511,49.72060446510386,Chickpea
31.807045104074543,77.00391844803713,76.47222037529363,6.516719800465067,22.077521222527224,21.67783841686765,34.09802710953518,Chickpea
36.290994011931915,73.46493645330827,79.4688203129005,6.467248906033471,19.95130907611503,32.54337896534806,35.97645824682159,Chickpea
42.25537506590436,62.18523991163949,81.03357963268459,5.587137928120525,17.115122123212764,27.41240947052053,38.027780301839144,Chickpea
40.88700564355486,55.36733471637385,81.3728214601581,6.006018320153639,16.19327630917601,17.233578374013266,42.40928024755906,Chickpea
32.32161461118616,65.10724368137173,85.92813035236281,6.392697512358522,16.099238211278355,26.0664741457911,58.90497722662765,Chickpea
32.975807003238714,71.93855668647383,79.35591573750649,6.660987067229144,23.72921481876115,27.55369723900761,59.280414698376404,Chickpea
23.138755369066335,55.423691622239524,93.10474635271288,6.710733306047324,17.202072291205763,20.90515365692376,30.526570900998866,Chickpea
27.332715269514118,74.32854684796679,85.53881583137736,6.022143389752432,19.717392949063303,14.035194268602172,38.994015826957074,Chickpea
36.16146854094826,79.35486109540892,95.41182480951699,5.535392446968293,24.985606046748394,34.363158745764274,53.411283707129414,Chickpea
31.44989397508929,64.95013232386258,79.08747186499578,5.598542288431549,18.282353634936992,20.411694509428642,44.52231209130605,Chickpea
38.68611016491735,66.84524570994867,71.73533348341482,6.936684701482306,25.427243190941123,34.41492812185862,59.73983704692662,Chickpea
33.612058320006575,79.06920875633016,72.26815121850252,6.0485211223920565,18.253812680067657,19.091660187491023,34.22408846678028,Chickpea
35.56034103914992,74.53304639368262,87.34895198261083,5.720444064382314,24.11123769933471,30.53482238625694,41.644971183809865,Chickpea
36.85325738840157,61.49762448107082,80.35576625482632,6.876228764697985,18.905045056714204,26.219694972106353,56.70423412188044,Chickpea
37.69303375668819,56.55508065411757,74.4190913283691,5.5117623861578755,22.309217902291635,25.639509060670875,34.028245527068265,Chickpea
43.94835302641926,68.24149309864049,77.25679882338667,6.250905356732061,22.79620332735108,15.982219667312677,38.24111445143676,Chickpea
40.17413727209984,66.49162176006654,86.39731426096884,6.149224003314204,16.43899942643005,18.309494275324056,43.36624916225673,Chickpea
25.229636635198197,56.24947571649197,95.30948992155471,6.971788793746174,23.931428739967394,36.19840796432135,37.25931390951136,Chickpea
44.01567438782999,59.923142611335706,98.54289431085496,6.992228940948927,23.117228057460487,39.50973702658737,47.08619338701311,Chickpea
26.48854457940226,65.92489714164051,87.80682806136357,5.609622343040522,22.223432646172462,39.51062375581966,35.70322949351183,Chickpea
34.81487790720958,77.69746984449048,29.155523892303314,6.940203406608171,23.21459638721472,57.09231631966015,115.43861242806634,Kidney Beans
19.041785905924048,66.92250266169926,25.774967630580058,5.871010473728625,24.406151835488874,44.66401916186477,79.76198462851396,Kidney Beans
29.12713281131891,74.2906727744652,22.483434968039127,5.518154675164161,18.090384690792924,32.28117375880049,125.57164410590693,Kidney Beans
20.71691949009022,70.85909222179218,18.33113806039981,5.9825049844893226,26.48042089601484,47.15445769079788,75.72395663879264,Kidney Beans
25.71755052466084,55.72924409113161,22.213352199045133,6.493651017551602,19.185026235981514,29.55539755636663,93.87019753012942,Kidney Beans
37.98827561640124,79.8313753855741,15.673669484934237,6.641511885243088,21.717240664023432,33.6983274491792,115.25589840082137,Kidney Beans
37.96066080363522,78.7732148625637,23.65683879057481,6.035681738950754,25.875490858587792,28.04005533049201,103.84444173001106,Kidney Beans
23.96446153812183,71.4157768426969,18.605983693402603,5.787389418602238,27.18239086675437,22.072147317981475,100.3574744640959,Kidney Beans
20.52131957407522,55.97324908314169,15.540282274371396,5.762832658158741,26.66770354506,29.299149759081068,127.02755023451775,Kidney Beans
29.54055732472984,65.91535474421916,23.701332520041817,6.275047577839402,25.58776253757325,29.29984263891409,91.18302349601814,Kidney Beans
37.35235756333127,78.66141282876013,28.388373412297117,6.12917199093597,25.803655030068818,37.05342933204395,99.85239112876613,Kidney Beans
20.117002726432098,69.77825758146291,17.79203846630022,5.9973470486007905,26.550302016199353,26.28303236843421,74.26949711040596,Kidney Beans
16.72518981532041,78.5196130125777,22.60380656942752,6.1141181077255276,26.108785810079183,51.43303711642064,89.93146198693628,Kidney Beans
32.34045143684488,74.27807039629717,24.819760302989316,5.727392612200149,26.75883083517057,39.563782109440346,86.94834558220022,Kidney Beans
25.630704635942347,55.939277259972684,16.918002018336264,6.648320125773791,18.00011634755366,34.662633139291685,101.35061086513531,Kidney Beans
16.365860500024308,79.32695407430832,18.39187996874508,5.956298079454421,21.039425122550274,27.216666484693995,70.08842932517868,Kidney Beans
33.23361985219991,79.17113749498213,18.364402249275678,6.4945707877051335,25.418963269587152,51.93701516362099,95.35775182081655,Kidney Beans
22.573272641010732,63.13237835057578,25.689319996477693,6.725169199758454,19.816139677566028,32.837640326310606,124.116411804949,Kidney Beans
35.16733799236848,79.6214600690619,26.313723895231213,6.089792801541884,23.90637833994638,44.44057016989281,74.70734897902744,Kidney Beans
28.612423977596627,72.73302071181524,17.509819560015906,6.670947576138335,23.837727805141117,56.08887142790378,72.5453378924135,Kidney Beans
21.633153438886673,70.0388469824956,19.44839868308896,6.571636246106864,25.59005282521931,22.10063856265898,100.83126785240606,Kidney Beans
27.722263889776396,64.23201925538852,28.99387293854508,6.741259479809832,24.97209381909637,46.573065429399904,97.70296862878715,Kidney Beans
38.0248630274144,72.36488568133214,25.93471592483725,6.792536355681018,20.74071589342191,50.28283615466812,81.71443617738953,Kidney Beans
23.633548806122196,63.390261356746066,29.677882025837107,6.78480583562189,25.011698615902596,47.082270464615604,103.72436766415427,Kidney Beans
38.67726667771298,67.40646882205904,20.70776564804842,5.744553005397386,25.86205652261058,47.377757283023655,93.06130231144809,Kidney Beans
15.629835348980734,75.97493319295026,15.171269751811105,6.555549669443576,27.70257109726057,35.50645312592814,84.09840429975716,Kidney Beans
32.62177525108454,75.42820355038963,23.19645474116771,6.95055291288422,18.516687216579612,38.19182393218112,113.107236839353,Kidney Beans
36.566011778729475,59.48139029769475,27.00005222645522,6.329060613577818,21.965536819899633,23.268601143163743,121.91774553453475,Kidney Beans
18.931830204492883,62.74469648022748,19.350682979436552,6.807121051286281,24.72702994208898,49.86725588765489,85.02807392754994,Kidney Beans
30.621852490174973,69.29364957859372,27.492455651824066,6.859130590721891,18.121567714773867,44.960796762351706,73.11014794718375,Kidney Beans
28.721466626933896,62.190818226091956,19.601648992832118,6.0294377551785345,24.2129244904961,31.36199862675077,113.96194303541682,Kidney Beans
25.11318463934674,56.708830007748965,26.756397637261607,5.928637486889059,22.327668795992626,45.41775532887606,89.94736942892271,Kidney Beans
16.41464140366789,64.34802617532034,29.166728740414552,6.462601595947837,24.71479148667207,43.291286145505595,81.9395283375662,Kidney Beans
25.458346602557004,73.77349495908295,16.520593463297388,5.916779164134568,20.763191084658537,35.28075710378024,128.8221244565311,Kidney Beans
16.68756366709555,67.96752485951488,17.690470230183156,6.956014818114616,19.133035047274642,34.14404009446365,114.27309909007637,Kidney Beans
32.61386070068613,65.5682159223483,20.197862519290773,6.096418567829306,20.642762631586393,26.21331754827199,98.9823818535334,Kidney Beans
21.713343901690184,62.18654162243125,24.851340952118356,6.952805997549838,24.03637200559375,21.079178682598652,74.53501683124402,Kidney Beans
38.78558052113915,62.43226975768334,16.38100479123713,6.398566880725572,24.23648778290266,43.940192804747525,86.04412167145247,Kidney Beans
15.377767105361876,79.1253842363618,18.763395685366536,6.514039432078821,25.066298698787094,42.40029668317943,88.77444365281889,Kidney Beans
21.777406344101642,69.94170706756758,27.991434504175373,6.920100593385094,19.059058044037577,24.193144503908794,126.68417552698477,Kidney Beans
33.413380708369814,77.07484562074433,18.039489512030148,6.381378806664102,25.011395944174737,45.20447541787891,94.48910145200189,Kidney Beans
15.384872292282711,69.57315142010658,18.796523087694133,6.175381369214335,27.575810150838173,33.961412705697384,120.3880963998656,Kidney Beans
19.71351514373128,71.81151245062571,29.65510431658415,5.652839651309405,18.08319942227192,35.34331170530457,75.55752898308204,Kidney Beans
33.70960874190578,77.86371659621398,21.51031459063138,5.8880674632331615,22.3440331900661,46.93791271400004,70.54324969482226,Kidney Beans
29.73634973711743,70.33229212218447,24.565323703439034,5.863033119971316,25.140527233781267,21.655659453271056,81.95622018800805,Kidney Beans
36.93675116636204,73.46807876816416,15.206183310170179,5.8725643905547,20.144064829931644,28.832253121478903,84.85358621679319,Kidney Beans
16.563157393571142,66.4735129149205,25.991002121792476,6.410097587076154,24.7287166859808,21.245967141449565,127.08944261060724,Kidney Beans
35.96229584607562,75.12725796239157,27.34475707562651,6.899065762199142,23.442539661136976,26.011280714705038,107.00701647115247,Kidney Beans
33.572037341698476,73.44793483385064,22.8217353625032,5.602688079000367,21.71112938430128,54.83066433853429,105.06693458544555,Kidney Beans
28.458298581392835,61.721337859554836,20.526733798748683,6.843019133729754,24.664630475268357,49.49548107009331,97.2607253840593,Kidney Beans
30.75618048640395,61.20959021858019,25.581912454252294,6.141402000555006,22.425455148147456,43.97289298307527,126.1768372881356,Kidney Beans
16.600158665215524,75.61858093367519,19.385746656182896,6.165879181759567,18.21913328775009,30.041843113372522,100.15787455780783,Kidney Beans
16.404401933685975,67.27739323457914,28.90665943287641,5.6580898271617075,25.644407280755043,34.38684213503971,109.31042287146028,Kidney Beans
21.505914949630736,58.987306563533956,17.406939214068395,5.605737918464717,19.85646704901243,44.56877539955873,122.90143671061048,Kidney Beans
35.353142139779045,72.12835774686211,16.65647795116654,5.933781169443924,21.09806875322469,27.99827785590485,100.90033958258338,Kidney Beans
28.388845371991813,63.922149379277755,20.30683738104654,6.7428333968591225,25.892928483196854,30.311833267229826,124.82730663239556,Kidney Beans
38.82037542506265,63.16856355075102,20.31637423189582,6.2584512301329385,27.411208125336735,53.05277732569246,76.1540777550154,Kidney Beans
24.818268581785404,68.8342797437443,22.5469870882731,5.790794601905339,26.588167711681546,45.07763131987349,120.27450249110822,Kidney Beans
36.46910698373681,73.7088963416435,21.58815901874576,6.4158201325231365,19.60365406119743,44.94581669899631,80.75519534435685,Kidney Beans
32.34873976275392,60.73995401884922,16.7632695022533,5.7479267352144365,18.019921352190703,46.74958471414121,113.94406294350274,Kidney Beans
27.873333747831488,59.03407002638459,16.253315062660345,5.528693449655931,19.657481769652208,53.63422139932587,84.4922105021009,Kidney Beans
23.85678318043039,57.63363711203333,18.335419571222555,6.278836856170308,24.077526830956526,27.81409256664844,73.46392955350703,Kidney Beans
24.775821728184965,60.855084273158354,18.29330884844703,6.939794204070183,24.163004859257242,40.275137726883834,94.94650621139931,Kidney Beans
25.723608335753607,68.52262509595202,25.44644710554161,6.553219144272744,19.716939077054494,38.00451008306508,94.71748570204612,Kidney Beans
36.76317415673461,70.78547303045941,22.98756099623973,5.6730919632683765,24.056378893234115,22.688156227209337,90.23239453394513,Kidney Beans
18.571049120358296,72.30184117560923,18.093781707542288,6.087789059782039,26.956747776187786,26.17265533595881,100.46830383752675,Kidney Beans
25.48179152915055,55.453101026143244,26.891371703592192,5.6035688594719,22.742550209769536,40.427131797558,107.70558739687522,Kidney Beans
32.21579073269689,61.33180958806788,15.14968164987674,6.585165493532368,23.356565993475787,51.44470812828995,119.28330177404166,Kidney Beans
36.08315419469708,67.1273664994885,20.004425937552984,6.687337303887055,22.51294113029255,25.33768785613738,121.29844117368846,Kidney Beans
37.06399691930868,66.65774390350425,16.135495909646814,6.081739134875397,26.035376594626033,54.070961141849146,82.20836454985574,Kidney Beans
16.674340300631787,76.93376132832097,20.84107408468313,6.312641446401345,27.680658120507587,20.662589116568913,108.89908044712573,Kidney Beans
16.852635564371678,64.38672321166251,27.057218177901703,6.150208349133452,27.971823539029504,40.36237139786409,89.2697291581572,Kidney Beans
20.50278314761883,63.763013357154044,20.587999106393262,5.603070516585942,21.69574199426773,36.569540789569,113.36426513432828,Kidney Beans
31.4182371180402,72.71914138072886,15.125455228152857,5.826501099370804,24.616842883998565,37.35957472718989,70.31880854010076,Kidney Beans
35.11236606079556,74.32023933225844,23.22628744490344,5.5996949886644085,25.665150495325847,41.348543509254554,116.91759862947755,Kidney Beans
33.79367480989601,75.07505179894594,22.770120996069373,5.7104867772902725,24.711574733796887,42.818951402078824,114.53519123194523,Kidney Beans
19.24702515126838,59.87437999750723,28.356142758289927,6.624966697678106,27.08228488700323,48.34861284655683,105.82931835941811,Kidney Beans
31.35331842569684,77.22819809850024,23.682101317679106,6.448586986492581,19.564767160036006,36.95684880464411,112.98382671748594,Kidney Beans
21.773567457909135,60.05635451311338,19.707402123366233,5.862250941989251,20.14912637036396,34.99403371472348,124.47031083301204,Kidney Beans
27.676491168467955,59.698009520383074,16.154575040713112,6.544234217706888,21.82798764436388,50.873237863414374,109.5706461184462,Kidney Beans
34.90603626353421,61.79865098546122,25.38538383691587,5.8960929770405786,27.390684794502917,43.454971261334975,89.47070801052053,Kidney Beans
21.737796557306815,59.773164626791086,25.419614383405914,5.828073419496891,23.95303265927489,28.585401077014293,109.71813668763212,Kidney Beans
35.373493213513484,74.45063107861633,26.412769963961725,5.781583608538378,18.883849469845188,45.95795313949542,92.10083282766108,Kidney Beans
25.80865566008368,55.77872731983478,18.89364673912574,5.550514605811696,26.791857726012477,27.735867328741218,103.44023017438047,Kidney Beans
15.97448301652826,71.67118478264145,19.84541018631141,6.846878780436499,26.881181889340358,31.011624734469912,124.05765374142808,Kidney Beans
39.903941837469475,75.6353916030987,27.673070216328433,5.873513104163635,23.767023988577563,20.690236558694714,75.69507620930018,Kidney Beans
39.972315300832264,63.16598123564778,26.222758680732696,6.709997579540225,26.58023271007229,57.90513189608626,84.48978911541207,Kidney Beans
16.008770671492492,65.27978794986466,16.951210047434206,5.533638833743082,21.60426827141486,49.34953004300946,103.97084147350425,Kidney Beans
22.819449730258853,71.35855013731799,18.48027270463216,5.521572169108127,25.643533864364272,42.949723394560365,115.7381574700576,Kidney Beans
15.973450417191641,75.92799069576631,24.292893000544552,6.345093026068961,24.246140481145318,52.577329874734566,105.21619039353442,Kidney Beans
29.523759497204484,79.76697892664414,26.35095250602852,6.163440708176703,25.073970000329275,33.56921886767154,83.73252774900993,Kidney Beans
29.921296922193985,78.20455245284879,28.93709280023194,6.012857917158236,23.27677466221695,26.46543594279445,129.737866569933,Kidney Beans
39.52794769669839,71.23772324268619,27.0662108951621,6.57265024192555,23.931582190394682,20.133919879555908,97.28586055315967,Kidney Beans
31.869657554185263,71.93829034709212,20.596839276335754,6.912537979987046,19.67357032236781,38.01437784862242,111.45303859304937,Kidney Beans
32.428395147295234,71.21597391922039,19.1293232017779,5.734309853029933,24.35940326826711,41.97208464557751,80.76136061735446,Kidney Beans
32.62847863926409,66.3792997933414,25.016408874047293,6.756050619655226,19.697284285769232,18.76579471987347,116.7461551837472,Kidney Beans
30.2424356288154,72.49098924055303,27.57232462482964,6.704216402236751,27.609201469288244,39.43740315408473,99.30973795959432,Kidney Beans
25.047179997268252,58.84227607110511,23.589108493230334,5.915518786488968,27.213075122129755,41.327632171083906,105.57041083048661,Kidney Beans
23.87311652192525,56.299733799442684,15.47615648059483,6.135002716229796,18.845653780972377,42.273878221605564,122.85838033837945,Kidney Beans
37.07287041296806,71.47613525330581,18.168477472093965,6.7944952470383075,26.86093435313208,25.866143398118346,114.24556514624064,Kidney Beans
15.73039097854246,75.06600780882324,29.95856849855404,5.060052010658786,28.97365865790932,60.56576333996645,118.40295714988926,Pigeon Peas
19.300190350528553,76.18469826428435,15.935911028974159,5.670558100156591,20.6701653775121,69.38357833697677,109.0184344363102,Pigeon Peas
27.05094842491941,78.44913078584736,16.27655229179678,5.7711951850266665,20.71034889044002,50.26982753875072,73.76194662226034,Pigeon Peas
19.382144220951574,61.714054186341066,16.514671602266418,5.334982178188215,21.472755635520908,69.32691994780745,105.55755041510841,Pigeon Peas
29.35522930539124,65.99351216269771,19.17552722493985,6.596586394418374,23.26253918041147,52.48458434263371,73.95035953246988,Pigeon Peas
12.593579564484706,61.41157652541915,20.329796227108314,6.347988416291461,20.625648422194516,50.26267349163358,108.54141841750058,Pigeon Peas
12.938438471675415,63.56612866306304,27.969883827872103,5.309850622286885,20.8273683561819,57.11344987700027,78.14517067671218,Pigeon Peas
21.26816728967708,75.09512226208687,17.057227322291148,6.16139816910857,25.055087603898638,48.60196965032999,97.43990913173894,Pigeon Peas
15.472808357215433,67.19585796360032,16.23408486415593,5.919168114427246,23.064634680428203,65.55953027963386,63.4187236198421,Pigeon Peas
18.3721454983666,66.46078560328596,25.87509114448678,6.148575150180422,26.67212337194181,64.4262321412939,111.73217841949133,Pigeon Peas
16.277509934449412,68.45056763409758,27.601621176587997,6.978902261930113,28.89519311043763,54.28668156560942,71.70999103311902,Pigeon Peas
19.787850748131774,73.54103629590105,22.38853606129946,5.966361726627337,28.382304210818006,54.03509447667966,111.58768048869874,Pigeon Peas
18.136096019034472,63.205827641958486,21.809848667995485,6.524893917349737,21.260020278639942,49.91048039680044,117.08668953978551,Pigeon Peas
13.509832547627148,69.19318294827636,23.689716999929068,5.97924892410049,26.447452485768185,50.74566814494046,93.15973606660489,Pigeon Peas
17.443465104937943,71.54168149072973,17.118353150597244,6.141754833678952,21.852703553833237,51.96607657787591,73.12258801941499,Pigeon Peas
13.656755597376343,75.64277378901667,19.285613514913354,6.854247563728899,29.69926525345191,59.281511748427434,68.58006735994358,Pigeon Peas
17.490964867591625,74.94330658370535,20.510860930456058,5.174034436605577,25.56784910928188,66.12802128740087,107.75558322861013,Pigeon Peas
13.502462802607065,71.81911536031167,18.307563951534707,5.436415069104345,28.740717733051852,51.241723818505754,75.79484079108067,Pigeon Peas
10.013067815225991,76.76672585313794,26.88892219813702,6.254657870181356,27.502657639388424,48.801214185612295,87.49941567525453,Pigeon Peas
17.02438774697562,57.34441315642541,22.29195727822386,6.841479300685271,20.400591190506944,52.28652283734485,72.45245617234221,Pigeon Peas
14.762933073313926,77.71086379698438,22.021035813514352,5.932598825879637,27.605756424552823,48.862305100123145,89.23592124600304,Pigeon Peas
18.599704282421193,69.9227672636664,29.99336554875658,6.538897788164094,23.978657030174272,65.68882630685117,70.2425017987488,Pigeon Peas
10.609273726179202,60.11120931160683,20.106173341713895,6.02116151491912,26.151291405411996,67.76514293036054,90.59124057302746,Pigeon Peas
20.025512892514588,56.25607524557455,15.523673289843357,6.102319923832744,24.381786132483445,65.97950987450747,69.64077508271072,Pigeon Peas
10.499433242340992,66.22596919825315,18.562178351283862,5.0992287466776745,27.24598286847629,47.78982499893119,96.49917000046631,Pigeon Peas
15.620995003337782,59.33740125887555,20.696272843789764,6.602891552445907,23.920935769045727,63.76924123027639,67.52917780794904,Pigeon Peas
25.45542839330158,60.923333122666214,25.16089694833309,6.131563109681993,29.291447172116875,54.68306294938285,63.969911330066424,Pigeon Peas
10.383109711025059,75.67146402431882,22.871034564921484,6.550488103669899,22.344256000115145,53.62709363783084,61.80623233267914,Pigeon Peas
29.229846491482242,71.69669766752034,28.998076316389593,5.530992814858145,26.11463611225661,61.96249920731594,79.05298201545531,Pigeon Peas
26.9621847003126,78.67903657250619,28.272826765440065,6.478133951878745,22.77464679724954,52.040401052640796,117.80161922676228,Pigeon Peas
10.20568991871384,72.9012493310536,25.593692438328933,6.2453790818995945,29.901088460868657,52.79698589409313,80.3983118275949,Pigeon Peas
11.57878805893111,66.06995341359344,18.91572789352272,5.686773404355288,28.345717902556277,68.38711283818739,71.14398432031113,Pigeon Peas
17.450178631069317,78.21576405288485,15.92712691033834,5.184721056222757,21.627909892062295,59.88032085317187,69.02833626035985,Pigeon Peas
29.36152762901467,66.167863181463,22.522769405252497,5.493317231610813,24.709602524347336,61.547840815925284,105.07062821724256,Pigeon Peas
25.07736165419826,69.44727781735222,28.56539662490786,6.634815694612219,27.570481146986253,46.390138042011515,60.41267773317896,Pigeon Peas
14.248945543909459,71.5880898478363,21.167962333238187,5.804812518598624,28.845868882296138,67.38907120329597,114.55051584321515,Pigeon Peas
16.277561530300545,72.27639531848155,19.074497719115545,5.381219666148899,21.84632457347369,53.55269052158985,85.7974571867893,Pigeon Peas
26.61898342110137,57.9972773368178,26.02388771092341,6.0629098283786105,22.879453426759923,57.32048961332062,77.99652418662136,Pigeon Peas
21.921639104766122,65.8460980713811,17.46608293618318,5.233166149111393,25.4669568207213,67.56032583215259,80.63746119346114,Pigeon Peas
24.660002144452463,71.46653387349417,28.973323714642213,6.641962034598282,25.66605258905463,61.425762455852684,113.90318799504209,Pigeon Peas
17.990375691738695,63.16986764644443,15.162166254527945,6.653102148382929,28.009807004033647,47.61136295250378,94.61144286796201,Pigeon Peas
19.279633963337748,57.967727387727784,29.708523405910853,5.429391774926711,20.672341800905613,59.87118448754774,104.33200062798196,Pigeon Peas
10.64886892094374,71.46794096817555,22.98437813927182,5.206530017750097,21.72523876946362,59.19935743290201,77.7814568107973,Pigeon Peas
28.76631457302632,75.46850573710127,29.753508097704945,5.519341677900828,29.69723632797977,55.780846744788946,80.85112771882528,Pigeon Peas
11.006990539387065,56.31913144649007,25.38016883919982,5.915857988868056,22.265216260361058,60.34925765813082,75.17148709500667,Pigeon Peas
21.55263508688845,63.980218674567254,27.353283399177286,6.641392321533559,24.773503981224014,53.77047773337539,81.75358779354568,Pigeon Peas
26.11429051336436,63.2044870699403,18.13589060560269,5.169376683750613,24.666931208844083,57.053302472996045,110.45452262417443,Pigeon Peas
14.42477392892128,64.52478184171,27.12608608340536,6.647247221497947,23.84611075978768,56.47810058216702,78.19715345095698,Pigeon Peas
28.65109756838624,57.96609414353951,29.00624134502205,6.367732903670687,25.315721526867314,45.816476519612394,88.5357715093205,Pigeon Peas
18.154962100054647,59.03047029937807,24.846144052509853,6.942301814736572,25.62188811064525,62.868831911098646,64.10702715396101,Pigeon Peas
18.353339916339895,57.908962129112396,24.191937533047657,6.876964316428309,26.617777324716386,46.92007620786054,81.27997229910497,Pigeon Peas
21.01326758881703,65.0801939033313,27.504660157127585,6.629342009419979,26.118310201032216,54.33644862831763,75.32018242579466,Pigeon Peas
12.117486364262586,63.87244208716385,21.197587758115795,6.351645850208147,26.581598242975737,46.752703491031426,83.71555892586946,Pigeon Peas
13.635577344347238,58.920317632920145,27.40953224605869,5.0838304334325155,24.191828759021213,49.205091394162956,112.75981294070844,Pigeon Peas
21.140810265500704,60.7845159094212,22.536409307495646,6.462972719406231,29.581180089194337,50.511150106135474,113.1709063277607,Pigeon Peas
28.686082283349805,77.91051361330166,24.531215352928648,6.259641308869416,24.03210633183823,63.8099470575947,91.87764110105591,Pigeon Peas
23.54876142456589,65.71144759621988,25.972446960647083,6.648943035209098,21.46436256602816,65.8232428893557,92.41779190741843,Pigeon Peas
26.893318181804485,65.78254265852536,20.685607280745526,6.830121465034445,22.511692675484014,66.10530813215358,89.04123435056425,Pigeon Peas
20.281908851025193,62.7117070372371,23.595633009285237,5.650422392552422,20.392694142416524,51.7999651336089,60.38274260439544,Pigeon Peas
29.567095741137134,79.14368024549368,20.927329462084575,6.456741708679292,23.45806098410425,61.7773289271494,108.32580258275874,Pigeon Peas
28.935124893844815,65.0053068962418,26.749469744340715,5.531856901264238,29.90332303793648,45.64423996910878,96.21172839006726,Pigeon Peas
23.19011963302654,72.20113892685322,16.805813681836334,6.877059566946261,21.811832790500826,60.568835080996024,73.3605647473851,Pigeon Peas
16.144328340425417,68.66146354320311,21.257901278468648,5.320451201953013,21.709364024208483,55.45361970406999,105.43697869653005,Pigeon Peas
27.95929293695577,57.103191556484575,20.896558613391015,5.200491127445753,20.16592480632598,61.54296706609891,96.14696651799527,Pigeon Peas
13.260382276297724,60.8453208273266,15.355616304667775,6.669894411388808,29.746905960485513,48.38648841986727,73.88851282591789,Pigeon Peas
27.36819047893868,78.16159494890462,21.294410742102155,5.1012449445381485,20.393918336928195,59.348746651725264,83.57370653359074,Pigeon Peas
10.57304855155309,69.58130980781392,15.169538048835337,6.574743916298546,23.064328227033716,46.0064500752308,95.3011332589892,Pigeon Peas
17.953688288661095,79.34501033392874,23.162979937555534,5.550478362074017,27.09438864633975,51.787300063567784,114.25459748445391,Pigeon Peas
17.49443941014753,68.74671406940513,15.758596557363433,5.852242475904461,28.32363539660995,65.14122013408354,73.45911353121157,Pigeon Peas
14.521581420211254,75.43263280533091,28.95597630253988,5.190721842546007,24.500586394262253,53.43635697410572,112.24130732744635,Pigeon Peas
11.670498293600374,60.278148563950936,26.287025063797415,5.102587697962431,24.92535380714289,56.052675866993,80.06407073932492,Pigeon Peas
17.891446306378477,68.24851467325583,17.420510375825746,6.1439917565671855,28.05432329299986,64.00402324475398,69.23399428162642,Pigeon Peas
12.984989394829478,61.704359193622835,20.416120895115558,5.816911162816965,26.796972168333454,46.41701080414588,62.08036225356398,Pigeon Peas
17.838211258878182,72.42909230344951,17.901530144347237,6.283008962512503,22.598281379402994,67.15215272033791,113.741396655997,Pigeon Peas
15.94574408562653,60.74984384908101,21.169559580993468,5.481063170360297,26.723838432917034,65.65161711370715,100.38552785467303,Pigeon Peas
26.48700894498699,64.92480405518685,17.344754560632914,6.475901894795184,23.604745051415538,61.78177063072832,76.23863651890593,Pigeon Peas
11.624592696133453,79.81454488719409,17.34302261895899,6.976841987926962,29.772799325664472,64.84545259770098,99.56537772491986,Pigeon Peas
21.556141005021694,76.65253863444588,19.34159282429232,5.935362424969754,26.193899693665017,55.27976189673728,85.64918724541607,Pigeon Peas
16.60569335004169,69.1057954171134,27.75861792022674,5.403056756012626,29.344330387534413,62.22719134370574,109.3963927608018,Pigeon Peas
21.123813852600232,74.48791753560158,15.243005960092008,6.636760849559071,20.401388590853664,67.24783440907156,119.5177648343186,Pigeon Peas
15.881349243535556,60.25796390714484,26.48045045787061,5.506052681840506,28.655623831722036,47.57106480393692,67.5573117827615,Pigeon Peas
29.583031102012313,71.84597245675012,27.703308366434293,5.648658754703036,26.764837495206045,59.85604568271493,96.18900720737682,Pigeon Peas
23.650649190754432,69.38397932822747,21.43593553953999,5.551845388761094,27.68581330913202,50.65681075007966,101.54125836926485,Pigeon Peas
14.666656452986533,70.63325424886135,26.206174006935434,5.437427777813078,20.599433008613083,48.27434357485435,96.35981803626153,Pigeon Peas
26.98892812451471,56.12492053088561,26.012268885624692,5.682637291900104,24.785283699195226,68.22148874613914,79.91829028415073,Pigeon Peas
19.30673867878972,55.34206036901703,16.223980800072574,5.517183182269568,20.278522408210744,60.78438315120627,85.58390140809735,Pigeon Peas
20.96290405456044,59.36617964740824,19.43898044154924,6.32764894970545,29.653027236304,46.26041934005523,113.42305925131596,Pigeon Peas
21.53762402622417,69.09798916889059,22.504178028116407,5.138788171808367,20.898768517361606,60.02280014147715,80.4575142861335,Pigeon Peas
28.34536133155361,65.1647634339868,17.149221880539617,6.429437667004072,22.9335342144101,58.13675768389733,101.8699671303102,Pigeon Peas
28.00528222404141,74.8047798700419,25.145416018090863,6.359266364790287,29.459246440320864,52.3956024374134,60.06672565177124,Pigeon Peas
15.439091187963975,60.4472844906686,24.927518776709974,6.267423199531058,25.934613827047237,45.40608608023634,103.72668326703885,Pigeon Peas
16.47060824970983,71.62639972516578,23.3486764275323,5.685461850855814,21.34576267104108,47.36047244151202,109.89109998673342,Pigeon Peas
28.36795084163116,71.24470116910749,16.55151172290725,5.804054433776481,27.289392001051574,64.4955221002517,67.09311733746532,Pigeon Peas
10.000614376907649,72.80342614701513,20.348942639793083,5.50896266323652,20.128974697895256,58.507485169037494,111.0690441255589,Pigeon Peas
29.15263292545176,69.14362376533224,22.716919916098412,5.170112770978482,25.488728015426,54.499476974134865,96.42811685301461,Pigeon Peas
17.774526957530934,61.00747808625917,16.42447912842565,5.629836889177792,20.966448342877523,49.4224237705996,119.24016951477276,Pigeon Peas
18.882071138132375,68.29679416262542,28.10427793105823,6.991137800981376,25.827144493446816,65.31184552610429,79.61646146020051,Pigeon Peas
16.11487914894582,65.06759302486401,25.087608940104737,6.3643833785101975,23.152394346494507,48.33024810341572,97.94377538793051,Pigeon Peas
12.56651724377529,69.46231270573325,25.401331920844633,6.401222992788903,27.534721106595967,66.8214855391416,89.9975395178873,Pigeon Peas
24.604983790591426,70.47931838414591,17.79959909696524,5.051379289738817,22.845413856769337,56.075842658440486,97.02635666571938,Pigeon Peas
26.999186610064108,43.924914334123315,16.883246848477157,6.390439842422983,25.296534712516884,57.919258892894106,59.27818643966509,Moth Beans
20.827488418148764,41.720643140658865,15.85540371005429,3.816450282383107,31.02705220647135,59.69731196612667,41.68703960183721,Moth Beans
22.75548283691183,56.40135004111299,15.623684397698906,4.994389830644128,32.27172494523228,51.81242203088155,45.38854526465745,Moth Beans
22.272758059787677,57.95870586887474,27.14886630454349,5.2493906572987505,32.76266061308699,54.85020669561057,62.04827640493789,Moth Beans
19.32363182255114,43.798722729151216,25.52607410815886,5.169393912046466,28.303458983443097,69.60615813212303,31.046705891336664,Moth Beans
16.31546302498992,41.13762795555293,26.497909743324406,5.606322362341378,27.976226624835803,63.24289835959097,49.79686130979749,Moth Beans
25.125075828448686,49.08367325473412,21.184195917474984,6.304189746464903,27.010549198688402,48.252078179907265,59.227155662972905,Moth Beans
29.386436245683576,47.55678427454373,15.930551454431722,4.5179158019287025,30.0711798518347,49.37192117906977,62.9051109028246,Moth Beans
29.95498778020401,49.03478951962887,20.32092835095319,4.7021125005034,25.381754140742412,68.84838723850804,50.7412827760676,Moth Beans
17.745488228496825,53.19380545860949,21.630501313966853,5.444700406423538,24.737355481569452,66.97053028050014,77.02519764397013,Moth Beans
22.97530772318772,59.09131857717621,17.271484715549448,4.932248568441061,31.221680807345365,60.70688948037204,50.07308895445216,Moth Beans
16.761688187325227,42.53648045100837,20.87613675843417,3.9879824453164554,32.81238811790662,50.63843525835393,32.928265264226695,Moth Beans
21.047322756344684,51.904594654388035,28.078695919207583,5.230944837253046,28.145770244681348,66.68132080121066,57.01394465937105,Moth Beans
11.585605692623835,51.31701120626494,28.620278181324935,4.688937876494662,27.5559096227976,48.87367533948654,37.572276096767865,Moth Beans
18.655429686836378,51.91359648323059,16.209231077544025,6.318705767075497,33.061603409342354,60.83884579365889,71.42193354694953,Moth Beans
11.603735136242266,49.536777554662486,24.45139690292495,5.985958718354867,33.40163472059121,52.48086974226179,77.0440084779602,Moth Beans
12.486916828617407,57.50267237242304,29.56410374406928,4.0314605696678765,32.66479277044542,46.087709007005955,50.27114125695775,Moth Beans
20.32566598395348,51.61290451819268,29.03905872372839,5.516752061882584,29.775335414630845,66.86122597917901,77.52664104772045,Moth Beans
10.441322973645818,59.650425445120774,16.291982085955205,5.943160337806284,27.36401703061695,48.56885075935454,51.99278198569175,Moth Beans
22.87913158895227,47.6190369004695,15.818481124240485,5.29838341897615,34.828839313328096,55.34681488057579,40.81663888154135,Moth Beans
18.851546918656307,40.96725422097562,27.30731376720412,5.97902243285056,31.05600556115554,54.533778001336515,69.98916822228917,Moth Beans
21.093740495767342,56.51864617100033,24.47188188874531,5.853216419638391,31.18275591861312,56.181808841822985,77.89729299630687,Moth Beans
20.822276497576894,52.10179037081077,18.30731459122124,5.376952368281829,30.859291793795325,49.99063674456967,32.979354867657186,Moth Beans
22.087186394295422,55.27384538700641,22.851020563830122,4.180317875958937,31.99826372031642,47.162854618459264,52.09168524009773,Moth Beans
13.267335167968405,43.68918102119767,18.034409237373055,4.660121171131934,24.61380246744477,55.74042290508565,55.585372355735046,Moth Beans
19.665885699326502,47.65568200806081,27.58719912106129,3.9359800772615126,30.06836092537649,46.675118257826966,33.55778394389549,Moth Beans
21.477316993541926,51.32036849775642,28.170502692666854,5.17362102698022,35.517492244858204,46.31476090679811,34.90038423903705,Moth Beans
10.881317231407628,43.7055370066708,23.119051664125173,5.436716544282284,24.547021895384027,70.54121402583118,72.10826883251906,Moth Beans
15.932249643141862,41.54375060452936,17.54830609828586,3.8808332412649182,25.479405351587364,59.00116559397482,42.29237212467002,Moth Beans
17.16279433058289,59.790106667686445,25.26471373388017,6.346942001141004,25.710678660397388,55.317765820479366,57.736590164117715,Moth Beans
11.53516123777476,40.083748872559156,25.056515006953763,5.425458550404306,28.929465719995342,58.22039005286488,50.772150029604475,Moth Beans
10.480100896897778,46.707432124349246,17.656233830959348,3.795272567304106,35.48064520667219,61.18271257613847,66.43281421183013,Moth Beans
16.30727486532235,47.862942589880305,18.553859908450853,3.7908970128962745,26.148379649299006,66.53287922300512,63.87729025918879,Moth Beans
20.93857751970954,49.50179745733536,28.836514254841866,3.718204843336005,27.36720975885499,54.44832204640928,69.12129061063939,Moth Beans
29.850292403239425,44.81341029514306,28.11461001205621,5.991868281295374,26.6958887717012,55.78197966537901,50.483643464625956,Moth Beans
29.564413370531167,43.61783802757797,26.98736956657173,4.502578142519329,32.770444149313924,56.3402971159829,58.917988155827004,Moth Beans
26.652235466522622,56.08331129967768,27.996347753095502,3.678851976033977,32.30460663647694,48.779659171487594,50.79092840092055,Moth Beans
20.971768301093768,48.054789694936616,22.794175137045112,6.489578926395858,25.622607764554257,63.23731322408349,49.80004831928076,Moth Beans
12.660195978146575,43.17473526748619,29.239096593684252,6.138804490135286,34.88450352498026,71.77138494733944,40.415769500425895,Moth Beans
17.108786747281236,53.38438059849733,22.257038097909707,4.755168600135001,28.29373499202712,61.032077062473206,58.7796714320041,Moth Beans
13.229156681284802,49.43479675036878,23.30207664314775,5.210860816194171,26.52128631494822,65.04132759081175,31.25995474105348,Moth Beans
17.096637110863252,55.60425297071267,23.458393815831037,4.283487297532581,32.33943743211657,60.31955549221398,69.81218047281936,Moth Beans
24.700503723796466,52.202158440724695,22.322665129662212,3.8995463770025705,27.135996214624605,56.3156857687613,59.964964350319434,Moth Beans
20.2741571043061,45.76369051919059,15.096965366845659,4.988717665702442,27.42751186274692,64.83442411918445,31.197313263524176,Moth Beans
21.696556226115817,58.82948475012131,17.616139006672494,4.914948472251786,25.097063901805658,61.89341163105652,57.526584029811275,Moth Beans
18.147310484256646,50.427540429474824,28.448619877035153,4.088882906933201,24.270774140464166,68.26495188687572,58.855854119395325,Moth Beans
27.81316910923685,51.93890446826345,27.152416349395537,4.789020090065444,32.99831917545923,69.6521196060261,58.60614818611032,Moth Beans
13.615703011247591,45.37595230060396,17.979668653461086,4.2405710827871985,27.676985392212437,59.98861224233609,59.39958147319164,Moth Beans
18.52999494483722,52.30841559641671,16.22362388417049,3.76336471117448,26.0619535242919,58.98809244708931,40.69973393491568,Moth Beans
15.665688069851546,48.006256723459884,27.1779918601557,3.5415864077385804,31.79254584283947,63.05966633809851,69.93278901783182,Moth Beans
28.655058781206264,40.4027569789858,17.306755582698244,6.158513882167979,29.502222746244186,60.243947251203515,63.15136018615737,Moth Beans
23.58133208991275,58.634808066330166,29.954241261175042,5.660472382792821,27.44665451046181,68.75331486194727,32.46104572703808,Moth Beans
14.621617057489924,57.94771434927429,18.842872716590325,4.161953178865246,25.65750351768297,68.19601745646675,55.00291295955434,Moth Beans
23.497864061083096,44.78132768150059,26.370606315168246,5.780016634886295,27.7511762988996,56.08843109127764,40.484513871510046,Moth Beans
29.531220466458088,52.91205154116823,29.018158210732732,4.4101566308874,33.38269095596267,65.67818338488803,64.58278259332707,Moth Beans
29.31277950533601,47.871106722126314,16.96075985384636,5.5151265777321825,32.751717605726476,60.526635483388,40.34089465666982,Moth Beans
20.089118833387108,46.243794731382586,21.411997922500337,5.435655727533992,32.942576912290015,51.27006665433626,50.26626803234767,Moth Beans
15.383231419832583,43.97263227723738,26.750808299937574,6.227758083310977,28.44278622821492,65.28453095809171,74.84976446822056,Moth Beans
26.92248421060463,43.65626777078452,29.34437822270042,4.630029321288387,28.070887934086038,46.68564583650007,54.30868270524415,Moth Beans
12.180272312818573,44.97079641854852,19.75413932650922,5.926478970475053,34.50586380475076,53.16659057145968,72.93490606222869,Moth Beans
27.14461874739582,55.29301900769747,17.200426710227724,5.570968540702187,35.34028877496682,63.428592926713236,46.580842455391696,Moth Beans
20.011586348616625,52.914500867021076,22.658556130927554,3.8598588251929096,27.74476853582425,66.66469282494808,73.07090230477587,Moth Beans
12.746000654311405,59.04773504797449,19.93233926772914,5.48694121619216,33.02190175148017,66.92254833522286,77.2874851112965,Moth Beans
16.258390960576452,57.170129091031086,16.975303551543107,5.615122719060778,32.903732754167834,63.298527512435655,42.61573680675765,Moth Beans
27.460862940304068,43.3771692674079,15.804521872812462,5.6523949718357365,29.705708582792802,67.92564653888425,49.169857052912946,Moth Beans
13.365571770154256,56.72884384939739,23.233644474601075,4.067587377171065,32.644607983037346,58.800068239216515,60.215649112015996,Moth Beans
19.21796676413164,56.57417967636013,27.443440735245748,5.628166465473159,25.264816528757546,67.64905427140985,63.55064902664549,Moth Beans
23.94048332008599,47.25965680807743,28.1891933423551,5.676114800704573,25.351085598350334,56.01000692896639,74.31901809800709,Moth Beans
10.94393403394758,59.22833239284099,25.187438524793443,5.39412793293013,27.246711077855895,51.71737829595778,77.10291097442978,Moth Beans
15.965449084682454,55.510105934379986,20.896826973106187,3.917762212354112,24.128583572344308,59.694948099411775,78.78894092744663,Moth Beans
17.382723876184087,47.1438466798609,20.161374267741632,5.061631511914575,29.287978601091524,68.7576949216294,55.27603958617452,Moth Beans
20.155156763771377,42.76743189441113,29.74109311365579,4.249918672606489,24.880368809515232,62.90494872233064,59.76831850784363,Moth Beans
18.302913079854914,48.44384467761356,26.77595881569647,4.0871379202989475,33.84303982733868,62.516172075165485,50.94848868897622,Moth Beans
19.160572331677372,45.132944143721915,26.281714990454624,5.038624226915803,27.850254512998124,61.09335312554566,79.78672260256616,Moth Beans
18.705245593131075,58.41382801557239,20.17525259886849,3.664198120774958,26.450905276421146,56.30476886984747,40.98174642972845,Moth Beans
10.00454076436511,58.30003075495054,27.658191168463937,5.726876694460842,26.013775147752344,48.249816557669625,33.38023747361916,Moth Beans
24.480583775458424,58.576159213757705,21.458037313695556,3.8574220159881447,30.148713848785277,54.418461501383014,48.741246217499885,Moth Beans
22.426612483114145,54.374362265244045,16.65905398309741,3.6067706924194294,35.93196363222858,51.2836654207199,32.691526245422956,Moth Beans
13.7975065819184,40.779156926969286,20.877163419257574,5.907205353353973,28.094933397092646,56.9929519857159,63.77933867837194,Moth Beans
20.177881401397606,57.22891372042648,27.99053512568635,3.529732086473461,33.33655567779839,57.439807206525195,79.44202706518315,Moth Beans
19.664641517508702,59.73791890776595,26.318540418086048,4.245814653839919,30.46073975144349,71.78766226592174,72.87653038759618,Moth Beans
11.947337875824422,54.12743993619992,20.183693788062197,3.520946785641044,28.841771628323997,51.33836938657423,70.94346352602358,Moth Beans
16.74661217691531,56.55047387907634,15.00896908252193,4.423457450078358,26.893982571693144,51.3063187488525,33.40933098827313,Moth Beans
13.742485408210035,51.1109913977124,19.370416092566167,4.752184346987444,28.522402564166264,68.64943297499715,75.26494995052578,Moth Beans
19.8591394331172,46.603119006312085,16.602010560035453,6.360208638146285,24.72272333880357,53.03655749434357,44.90331005850021,Moth Beans
16.408025722804297,43.285736865448186,26.74742146385546,3.8674935858979675,31.618879909837954,48.34384272105707,33.52678187964783,Moth Beans
28.18859007371753,43.80257532637411,27.318752318395564,5.133892613321407,24.934278235305236,70.79710116882782,42.34805834959462,Moth Beans
27.19290690705213,43.37620011569128,27.809143232127795,3.539686438715882,30.14136547883377,65.77494964438203,76.73977587463916,Moth Beans
28.18404272412974,56.3924973909529,28.322870244919564,4.09765905751123,27.410211548540744,52.80215017286858,48.85269655008494,Moth Beans
17.866413407703774,50.89110649309351,17.39819645049662,5.573739991357968,26.010798471654077,53.37832901682278,55.167256530307704,Moth Beans
25.928811230469545,54.789384664774545,24.683015346157834,3.9673197817405104,30.564544147386933,47.36105554859691,48.86815883983254,Moth Beans
18.27033060579918,40.79622878891507,19.109821492049576,6.366948401799468,35.443591293956274,54.51283046481856,32.1550054474162,Moth Beans
13.581898786563631,47.8443558686708,29.216695469538447,3.923597190611555,33.16219012401855,47.93442856311668,79.06287886956383,Moth Beans
17.6323299821827,55.504690777981125,20.138866242166976,5.383006631476427,26.30419301688044,48.94256752101799,76.90320697840656,Moth Beans
28.35294555808867,57.749378804257645,24.381501752498902,5.924804633648835,24.828443242936498,54.03930413104834,45.68515623785781,Moth Beans
22.712906439052265,47.11915546941281,17.227601724655212,5.289401226240631,33.77260704802897,55.31733435041927,36.61343575492408,Moth Beans
13.93376394625646,44.74966610338768,19.498463894918043,5.428385211518927,31.211345814452628,63.794156262310054,48.12509922657566,Moth Beans
26.479953037599564,44.08175322311521,22.03561121277231,5.902816164624291,26.16190377279143,47.96630407100114,74.18419838439948,Moth Beans
16.85859325518392,53.67740249818064,15.380229063959078,5.570140665228349,27.793215738563646,46.50500304686093,60.49063807740585,Moth Beans
14.816076321463465,47.7361448410376,16.208712184297703,3.941489753284836,27.575726825950124,47.423506515124245,75.54131323431577,Moth Beans
10.120940863679568,47.096505471607784,12.46494916265103,6.507679089477949,34.260595598182654,83.61694553273986,83.63329278873331,Mung Bean
14.115887539788435,53.53915271167074,20.933545297946235,7.08447872759676,30.53993255503131,87.34559219156309,52.818320014735995,Mung Bean
13.324587241033175,57.912228777887854,16.55676397700068,6.572082254962896,32.59823658428388,85.38823482422808,83.0824978655601,Mung Bean
24.758555379976006,49.9357310643355,27.61790321089505,6.249605908349483,27.57062692189209,86.6503633422091,54.07914157886084,Mung Bean
24.87810374604304,57.980200776343125,18.475402398618467,6.542132600111895,34.61550732137566,86.44852432827541,64.56193601797133,Mung Bean
17.03299744683811,57.738711825303454,21.379109665637017,6.962174587181645,33.11806718350886,85.41849041917258,62.3477732528152,Mung Bean
26.969435488125292,44.081383791895256,25.878702669037025,7.140992322574437,31.23210373068007,89.41627287451888,77.2038924816454,Mung Bean
26.900792977932852,44.8763334464199,11.025269183519963,6.60187627123674,31.737562297840896,86.50350385780793,74.95852603441594,Mung Bean
17.139648589373277,50.86860352760074,13.728396097079491,6.949369436644957,30.456959688130258,84.04064388546601,56.67644693991229,Mung Bean
24.972174171636645,47.065030891538015,14.320628807861445,7.167271190370298,32.15125019816888,91.57134832539796,62.08420181441373,Mung Bean
19.50200681383441,57.448880404625484,20.500986804907694,6.907278911905667,27.5217287749553,86.4672646870264,49.9379946324142,Mung Bean
14.119600717539234,35.02358538169078,10.785301032973205,7.177283823176929,27.423536951367623,88.63310709504002,78.56398795198446,Mung Bean
21.013209184731284,38.828612502098906,24.562328746723328,6.800251410099583,32.31250589347375,89.69746622857087,84.0164147073898,Mung Bean
21.4712656005342,43.54102781726505,22.969291138004742,6.268440709242626,33.97397318321586,83.19381011338197,58.11371351543273,Mung Bean
26.31490761252242,49.9328094582678,17.872710405548844,6.673435659375022,33.54547393202181,85.40004386059893,79.78598739248685,Mung Bean
11.76268861953383,54.419960930215765,26.95095266109473,6.381817652837339,29.303465323722005,83.65499774663655,73.26416515976871,Mung Bean
20.706955361233135,50.88308366770802,13.929739339124223,6.4117458620524195,25.414973255099063,85.2206753519573,67.389786453347,Mung Bean
27.158698279946577,51.67318618646702,18.70792646799503,7.153120114394138,32.19245200575832,91.3016520286255,66.10351893088662,Mung Bean
15.178085495862792,36.32066715911805,24.52169702967701,6.321302998005534,28.02775128271967,87.32470907883898,67.5766635111899,Mung Bean
22.01166393974272,39.156383258742515,17.594748096432973,6.817194227116967,34.69818864633785,89.27631137699689,81.90415028375831,Mung Bean
25.24424116628354,49.79292422231001,13.84046738272689,6.866685651892514,31.23379565959907,88.02469170457266,64.59143471952963,Mung Bean
20.573132079785513,43.3610631779526,20.386253852846064,6.3975559056784785,33.05174397360377,83.85776954698707,48.398651595578656,Mung Bean
18.724920527143148,51.457685987651544,18.754336498670828,6.476754131951309,30.581711838904408,85.470023354122,82.31470760506532,Mung Bean
28.45290279207144,47.55929549930239,16.55767988036517,6.93713241395664,25.367129434830666,86.74769006043651,58.45293577081334,Mung Bean
28.410717702051095,35.30007568181706,21.05629751436698,6.940663581066627,29.850179875240414,82.85403030162722,83.8984556011161,Mung Bean
20.360208627521956,50.35465610797529,14.732195654150146,6.6834980851068035,29.29149491958322,82.74895842001983,49.24641414189869,Mung Bean
26.74945039237549,40.99549880516476,13.89916542997261,6.7049114512501395,32.68747131362513,82.61946518578988,68.07231678553023,Mung Bean
12.384208856811467,35.911526270640465,11.054879043244348,7.034164108208442,26.179724836280617,82.45151364412293,62.51599548571649,Mung Bean
26.879869438840494,41.560209412232545,18.434252350518328,6.239922532563751,29.49078514134876,87.77613080637134,67.8362821500858,Mung Bean
16.648533843487304,42.88832951657839,12.132472378731958,6.566798320646269,25.994946688729648,89.66595944712051,83.65097190992743,Mung Bean
29.401489133334138,56.626777484384846,22.015842986792382,6.90086569724388,27.85205802680414,88.30770420172621,63.2259819775951,Mung Bean
19.64034679553865,53.944414009378946,15.638367111945033,6.51803961169452,34.246417911286365,82.56224294850972,64.42537193653362,Mung Bean
28.256016008157236,50.259075195453924,20.92814148424264,6.449744179229356,28.432754890644482,90.52048415804693,67.36872527073832,Mung Bean
20.294843875135598,37.48949283850072,10.320563129102462,7.163685188687049,28.769861672868416,88.03213062099505,48.1886029274914,Mung Bean
23.662285714460932,58.31416771764903,21.513305059948394,6.3261153223754105,30.817215274734767,89.66347213104652,61.25666146296075,Mung Bean
27.596754958829358,51.21707383393411,27.984978365784052,6.823505311247337,26.312879720048244,85.0969171110519,53.07179793009828,Mung Bean
28.176529954337248,54.01000168218707,23.52796737820012,6.500966319631622,26.840447720502134,89.56451087988911,63.96631783516319,Mung Bean
14.515791043012582,50.41554945413188,10.806677042769039,6.526170254128254,29.685569945911347,83.47958334109406,84.38617910363358,Mung Bean
14.181947291792286,38.25882825108164,14.070697477737928,6.969061133159724,29.25505659271843,87.65415939752538,45.84036627945443,Mung Bean
10.688626171466291,46.145638745675406,26.33310486403247,7.085238878707566,25.867065675956404,87.38363102101023,81.52918745117083,Mung Bean
17.759455087957726,55.73914578570921,12.673913087988725,7.1353944896677985,32.514233175313024,91.41334392786902,72.06468934210025,Mung Bean
17.268078639988538,58.45452931311806,15.511335526183569,6.532172522061733,32.008084180017406,89.65316299525387,82.17613935396615,Mung Bean
14.09604818112419,54.9499508804806,24.77092106793927,6.263794556253598,28.87223141210207,84.82765457060098,57.17961697416122,Mung Bean
29.658937591094016,51.0694353369982,24.353523155869993,7.176617637315009,28.772017824576388,90.01840168452806,62.381238532179815,Mung Bean
27.390673436299593,39.51643853278258,28.95372354128559,6.41877170841088,28.262205069809315,89.5619223410678,60.75020566261627,Mung Bean
22.164227535328934,46.11433752673571,24.847398741795637,6.428331252368611,25.58457987236877,84.99929397473066,63.97234659473721,Mung Bean
13.360401043853571,43.869932241409714,17.99966036587137,6.257391843688274,30.833072481842045,90.84343427971288,51.0697165181221,Mung Bean
21.95616026803028,51.61848012277116,18.386693608385766,6.90109758736427,29.10731543491012,87.04637287977435,45.29412178217708,Mung Bean
23.834402282693777,51.53356697361811,10.768017546526892,6.568250107395134,34.79031840791667,86.20736562568617,65.07781620527368,Mung Bean
28.19860316319437,52.93154689664391,21.64140262248447,6.997804681341073,33.643662664559734,86.56888071737266,64.00433459727341,Mung Bean
17.721018713036717,59.16765350046151,23.943325085807007,6.283223066208072,33.62959623313019,86.80559940836268,47.7501562568995,Mung Bean
20.99434510326622,45.42910697439255,27.554988097252497,6.403994603609387,33.26464609492183,87.57688691185453,47.18441212853876,Mung Bean
29.436906026509693,47.81538110258,15.817537084631649,6.669406841989258,33.57857783517489,85.04903124385064,52.707055859468014,Mung Bean
12.58142493861763,42.44648495975528,25.60096174080087,6.671626365195262,27.2748160369354,83.66184999609749,58.30917906041516,Mung Bean
28.798487457714177,43.57566781475061,29.762481519092706,6.685230455765357,26.79163918290151,90.9114009179351,63.414214925393075,Mung Bean
24.19342687009049,59.592789580228796,11.00350700639948,6.296694559787567,32.20456741462756,84.81825003295472,52.37205587800396,Mung Bean
10.78723759639459,35.546167799655045,25.489712062395817,6.33443342736955,29.67720615971151,88.05896815179483,62.13407202275385,Mung Bean
10.542133046724661,54.587537564697726,10.210264490833069,6.961889894377484,33.93304493788123,86.32839921057172,66.42169892391193,Mung Bean
19.539667852353077,44.73021546558597,27.748490707407207,7.093933510669991,28.358163646415345,88.15069754014698,82.07630248583456,Mung Bean
29.24116997882703,47.72397601055119,19.056496105686534,6.478694315928526,34.5887187319041,83.42814304472867,68.19318304190901,Mung Bean
15.651005350372778,41.975207258694915,18.09937174752377,7.198792935815654,25.54966306839822,87.78541818203531,48.30288632141109,Mung Bean
13.090416599810379,45.989073544322466,20.20920262692883,6.458792408364524,28.16457130874416,82.86967020255933,57.12879135377002,Mung Bean
29.33116878761088,58.61768454181204,16.6975658027397,6.770853936278762,34.09595391110945,82.06183822640897,77.42734281350367,Mung Bean
28.96739105577838,37.283143358338926,13.22895372065842,7.160746302771356,30.375401436403465,82.14196634471723,55.30527995054116,Mung Bean
18.998873485377192,52.32272277561919,24.66320756273599,7.195421512925456,27.875111993837592,87.38220101868475,66.33294191438421,Mung Bean
18.11290518894475,39.229047346060504,29.549131263676852,7.053317186666586,29.983330282942372,88.0324542268403,54.09044214238649,Mung Bean
20.875741407834937,52.3742533280369,20.303340567731777,7.190285170584941,31.113416562477262,85.70973712592169,75.88608110463352,Mung Bean
13.409250231632841,44.612895342656664,16.939179007551715,6.631807095107778,32.817798259287265,86.84173032163407,76.76057801063851,Mung Bean
21.52977806279732,43.55173586643888,26.199574873669448,6.438289670553091,27.243829797997954,87.04502924054836,55.433969838483556,Mung Bean
10.181740699024326,51.20743818247004,20.22187642944796,6.645517814493162,34.669685146183156,87.71199183962914,79.53726311157538,Mung Bean
12.789004724103204,49.230161578235695,27.35959253461806,6.783105757279898,32.18014178127002,85.72043567812207,48.69798068148266,Mung Bean
19.15800590254143,44.86198477097144,27.341203647578947,6.443995302352472,34.66734227535108,91.58138119804497,54.90526572285755,Mung Bean
16.96103910954641,57.38889352184712,29.33244441792215,6.643439102836044,28.20997045640898,87.26094013251542,72.5107682546294,Mung Bean
15.469490307499596,53.41182936547682,11.03314714229282,6.249294492764417,28.862877051455452,85.5347319206072,57.62532861468609,Mung Bean
19.8203952533782,43.01833955778928,13.845158369361839,6.509469549088601,34.74904272810235,86.11113416994849,62.78851107433343,Mung Bean
21.530899799022798,59.58351921035566,14.83202552871526,6.8812821105324335,32.15984693541724,88.07324416793065,48.54313358546576,Mung Bean
23.53744551655153,36.60236777590438,21.92285299099794,6.939581177221743,27.109698906199505,90.41622007542774,46.21415222132017,Mung Bean
26.87625727316612,46.50822626606913,14.35175879863289,6.3337781449939685,34.53307167582373,82.72665587581157,52.96373679743703,Mung Bean
16.95644694866092,50.50587122402801,20.896021705521967,6.325643492412314,27.897279837382147,84.38751771086024,53.541714179613656,Mung Bean
18.222886729599743,52.60078631479142,14.34905864434472,6.566678879702982,28.909174268411622,91.7645652943541,83.18665427516275,Mung Bean
26.002751655041518,41.04147302047963,11.360746281833393,6.5169041377206245,27.66794549433831,87.05925800146395,76.10911640271172,Mung Bean
27.166458777577162,56.12160213526271,17.193511224461353,6.887234343460683,28.1283419752422,82.60905543235182,73.0626106241177,Mung Bean
10.196551051395756,45.22956468646221,16.587585386041514,6.893377538518853,32.66245472760379,85.04094635971283,77.46508057779414,Mung Bean
15.878335210098676,46.15815899966403,24.54037054028268,6.892920229224789,34.873684723122,84.25161024215932,71.49271654158329,Mung Bean
22.193638165515548,57.87746136225075,13.127242832897501,6.9517981635869335,30.682686162687684,84.74665869787906,63.97739656588696,Mung Bean
16.675531941395956,49.48283506971152,27.78001221629332,6.769304984412202,31.31722418326584,87.18747847114709,47.046620257819036,Mung Bean
14.657171137521885,47.300043235802065,16.204705674894093,6.381763597761195,30.04132841918438,85.2280979344785,55.324305726936586,Mung Bean
19.279708348807617,38.332106452054326,28.554914661508146,7.0677020979192395,32.076205857405355,83.06213827588456,76.03509017878773,Mung Bean
26.15914656218038,54.19411544285845,12.279317742384823,6.843907957067765,33.343247957493986,87.77353401219668,70.85629500912356,Mung Bean
19.167269588526125,48.21768299710131,10.687537167034504,6.838963021973285,25.814472128911593,86.35014594340224,56.70620390669632,Mung Bean
20.908559004234263,38.335408388080175,23.832868039466362,6.99501153692847,26.633544497431565,83.04313087351882,50.82061931149437,Mung Bean
27.542551237970034,48.204731543908906,19.34521992015005,6.306711819102355,31.495560067569617,90.6799959189509,78.12743477293812,Mung Bean
22.521094179616025,36.88196791629184,12.24794054352026,6.249308987109825,27.574792164924695,83.35661467160378,55.401921610097354,Mung Bean
17.701161114379232,58.57456960177839,22.20752119563384,7.034973785682962,32.10351500712332,83.12503130526632,74.43681625495796,Mung Bean
15.501977631182488,50.97769617486766,16.81923947285977,7.19767226326466,27.63551479496778,84.7913047077427,82.22689022249594,Mung Bean
10.492888092726453,52.41722469682992,24.506527814717565,7.0363785774103995,34.744393106384756,91.75601919156652,47.611070302658554,Mung Bean
26.43678645505805,51.157748341434534,22.946842687461825,6.328349926614695,31.501871664456534,91.82482580601248,81.47274278157788,Mung Bean
18.782613216097012,35.998699332152356,17.245869800004098,7.026390311600555,32.01499101465166,86.59343655593956,47.20406140635325,Mung Bean
18.537894556466053,46.725623492947086,28.57111065788272,6.8410861035821595,28.11652916654649,87.25318264450722,47.6422123128864,Mung Bean
29.451364712994735,44.00149754826815,19.557347098262717,6.555283974236922,31.825117301162003,88.62232158329593,73.61289242116543,Mung Bean
30.362864592238417,61.31336962328132,17.505024621924157,6.811019943692225,25.397971273356525,73.9652350328519,75.43935596980718,Black Gram
42.81664296579267,63.980755207399234,24.186073764261476,5.6539383660160345,31.707650254430355,77.31889130559269,53.56292691116496,Black Gram
33.426017632667296,71.77678673530541,32.54240935324576,5.986359960528452,30.505706345413643,67.88739725953741,48.56575674488448,Black Gram
43.222410027839146,71.41015008464218,30.20069803606348,5.597532637626281,33.437287927102574,71.57066113858076,56.98382931535509,Black Gram
35.92952722050753,56.82706485447112,30.132930987047978,6.664870153776592,26.865900968731676,67.82348299653569,51.448702805043595,Black Gram
26.14004775103868,66.7559689874337,31.806963551770163,5.534996427974777,25.490046449712736,73.59155415030419,73.68234898851183,Black Gram
31.53477781137267,61.992287976154444,26.92692994993552,6.048425778248294,25.266083660776843,76.02842777152394,66.89774695295085,Black Gram
36.61511998111318,69.83368257983646,28.50461675124075,5.911763976356642,28.52481046943351,66.89165212517938,49.54499546962584,Black Gram
38.52391492713078,72.17200213964996,34.25465167722278,6.756694235098889,26.84101323360957,66.58475518173395,73.44978400378652,Black Gram
36.575129527199984,67.3657004202744,30.629241775094187,6.906554455464903,33.34458252856096,65.84320858189818,71.16322228612768,Black Gram
42.017055146441905,60.72270084916629,27.80894547986506,6.128324127673944,34.57971066482454,65.50135358653256,65.29274953415343,Black Gram
28.330070940990304,69.24440410354318,18.517805668373242,5.970766523796716,29.94370811045758,78.72252424995317,52.41000302517898,Black Gram
27.88480042236207,70.17953663708062,25.012390646678618,7.323570224763543,26.466145571598425,74.6889183953456,53.15077011531353,Black Gram
28.135208573032784,68.66858830314541,26.873692398174665,7.009654916724663,28.094625764461824,71.71957484573285,59.19150867156465,Black Gram
44.68178927933029,60.844979134787756,20.896344766935336,6.209096417657214,30.645940812903216,68.78484116395617,77.03514791327459,Black Gram
30.31371129732527,72.91631463120389,17.069501272931692,6.813125404799305,34.06985518438243,67.53124157597344,78.89144360347393,Black Gram
34.057667208310235,73.91430216882048,28.53640087260094,6.103173739747103,26.883025249171062,69.55602569337648,48.25560932419363,Black Gram
27.877359326866596,57.093208806929624,23.458870874831156,7.091156752515173,26.4138355421634,66.95480649758504,67.52001323310658,Black Gram
28.943659639361325,56.952200762179835,18.336971564111554,7.347462791753552,33.214712527761904,70.31096843532642,67.95372685645874,Black Gram
35.74551347336076,68.54248526965128,28.65342304925519,6.757468030119986,27.661013685373085,65.58509631144227,60.94483736965381,Black Gram
42.81947769381408,66.38994517037152,31.647820834038157,7.483248685922456,26.63616204138276,75.37666458712974,68.60027507950086,Black Gram
44.59910894716557,74.71201467905601,28.73357223448259,5.987229583964389,32.98555838130599,66.60543701316557,72.324475646007,Black Gram
43.20392248289393,62.656667895368706,27.61270589966161,6.360285464193653,29.377650549881285,69.6555633366218,71.67453671576136,Black Gram
43.723531283330104,73.81501718468922,18.495625697498678,7.249487299313132,32.374314414271225,68.79256101035433,47.35496145225301,Black Gram
30.35994533768756,73.2441647356305,27.663573497915444,6.942109321795744,27.57152351109096,75.7908223336223,45.98425271972733,Black Gram
32.506426915460274,67.53506697084663,17.921931310826405,7.14600714889387,27.350312988119185,74.78421669227669,59.18189999013654,Black Gram
36.92087190955294,57.14901105257816,15.338255998432146,7.319128854760603,27.69630008767183,77.29515504170689,79.977260516527,Black Gram
29.228625159978222,60.30341482366711,28.257195752693313,7.4308972692012425,34.15814348190744,72.54313280098377,72.82885988843536,Black Gram
27.714917061998023,74.54876368408024,34.28706468071973,5.827457915758342,27.994231248031067,66.5023249626015,54.51011596143629,Black Gram
41.31911578830413,62.56631214330519,16.76793934293517,6.1844510495578096,34.8138333424128,74.44525392888804,59.56563312421552,Black Gram
28.3307702699454,74.72353594567389,31.416980185262574,6.062954604901838,25.700686957211893,65.84938336066337,49.213235232693684,Black Gram
36.61537167228843,73.57526842410985,24.93486856011969,7.185890964912394,29.458866198598077,75.62875318651737,70.61554580502752,Black Gram
28.479274118066773,62.22432117951624,27.746043130760476,5.641393216368733,28.615401877629566,73.02199199421788,79.86785725656236,Black Gram
34.49067125244881,71.32113514228647,23.641345701332355,7.092781445239417,30.954148016201085,78.29893162253597,59.38298933225384,Black Gram
37.086088396429574,67.60037361237654,23.347658836009465,5.788624087374963,25.935594069123354,65.25007325899449,75.57369924858251,Black Gram
29.729498244773893,59.23013498563536,29.72070800852131,6.1400322261747835,30.060446924118366,67.43766597946184,78.59110025116892,Black Gram
42.031628000344746,72.27579245930006,23.135474971440104,7.024722427414345,26.438761553897802,65.1292850388767,45.69905264023098,Black Gram
36.73203474809121,64.10789810495882,25.360306978170396,5.514926280834439,29.226866196574257,75.7710224180129,60.49427956886026,Black Gram
39.64438412624445,59.66037928793669,31.26284008963451,6.676862480906904,27.10763099429906,68.5508071378075,66.9810662599338,Black Gram
41.59879186424887,63.3125556405831,20.166008582551846,7.234023213821201,31.69268291750835,71.72128230924615,62.076506834775564,Black Gram
29.085129358727926,67.53605260129687,22.174850210857773,7.491290353348699,29.801835152618878,72.2882840928442,64.80481255937352,Black Gram
43.33512006237493,71.016361997195,24.022601395956826,6.9373985319455915,30.862354987807617,72.38550573051873,51.731052047452266,Black Gram
34.27872526909782,59.916371740451495,33.296842997033096,6.170813626992694,34.522640145333725,72.99582935142067,67.10405325366561,Black Gram
35.85880888978656,57.587612339334015,22.516424380158817,5.698292224555248,31.22954044183382,71.70311292800659,72.22947400498279,Black Gram
29.409409619987397,58.2913211685867,23.126644619275357,7.3531707664367625,32.10421815012412,71.28385437189378,63.104525941400865,Black Gram
26.684260223541965,74.69151792752226,28.32814609389838,6.0708081369268445,30.858083942152444,66.64223549103491,78.80428340826543,Black Gram
28.495699757667317,67.96060636110428,19.909089250778607,6.935122765297072,32.76821367240281,75.1012959336715,66.50748110893174,Black Gram
42.84938187904024,56.57253421979516,21.618295315603902,5.996574959261692,34.88013962065422,70.84084669500311,70.64144447341396,Black Gram
38.69450327762009,59.241624749547555,19.779953604231025,6.062569127106068,29.111272782593794,68.51487598475791,45.687801896139675,Black Gram
42.587861136143914,74.31219662761768,21.83140774063136,6.177013758850945,25.07091812774371,75.20376032495561,73.89039635120201,Black Gram
27.932166007200063,58.19332698734301,30.801664999428755,6.732581496708289,25.44860557627717,74.33820485693423,55.81212029953181,Black Gram
32.37450310941692,70.3946283659376,31.21870385345221,6.300713253679661,34.47152936006355,71.09694076928108,72.01426123305384,Black Gram
34.677545291285185,72.95064653044167,33.155224873003576,5.674833615742168,34.364933313102256,77.38302262280624,72.69587500094335,Black Gram
29.018226793710447,71.1023841750933,32.002654693700734,6.078300668908302,34.52260078362324,65.74790219598746,50.24682386364989,Black Gram
35.75162276103029,66.5158494224462,27.903001666018067,5.533938258630933,34.603667746221305,65.66882139101216,50.00716834531909,Black Gram
25.28029035052114,66.33716866588189,33.645337678419445,6.831894332160928,33.22657468480428,65.1992180518787,63.97053544679041,Black Gram
34.19125955011044,64.97935888441586,16.444263706703758,6.868870722138615,30.032204148586345,76.47723274791896,61.985172192160036,Black Gram
27.98763272452864,67.96513908155644,18.447727242103326,7.24478912670963,31.131162390692417,67.35805825335432,78.68183201184223,Black Gram
35.367309266706414,56.4579690374331,27.536658088301344,6.00639781402562,33.03693451877302,77.26733110349286,79.26315745491317,Black Gram
35.03739062049007,64.09913759455475,30.06951210892961,5.764941312683853,30.469155137931242,73.19371400196276,48.131559298363555,Black Gram
33.359681710138275,72.06569597134404,32.12307243989321,5.698475329839362,25.907208827478307,68.94043215502903,75.61681218938978,Black Gram
27.578051701469978,69.39993605254892,17.023312392262063,6.74627570749565,28.56067299119145,76.83370944448801,53.17916570888772,Black Gram
37.78403658779919,59.7136506915177,29.273205662243075,7.247356069121498,26.2680179912676,77.99893532893256,65.77513390450042,Black Gram
27.542209817340478,63.55083710719424,18.217205869701957,6.900695777733139,32.5886813441795,66.58694780409198,62.71489484431255,Black Gram
41.292501120518345,73.72326083101993,25.270357334835403,7.400558447222814,30.3568897045603,70.91285741899861,74.68710949935134,Black Gram
34.85965420916178,64.43805021129046,24.806249788196567,7.193570003739491,33.31941541688052,71.05279988660317,56.66549509546837,Black Gram
34.83856048078259,66.45545019474218,19.76674421255994,7.087910169431181,29.864827657324227,70.01068322629939,48.73873475373967,Black Gram
29.776903208072138,73.98562343511968,21.101993736390533,5.837718578734071,29.606727916549932,69.60631615040373,46.2305737594918,Black Gram
31.462904345588345,65.88217247878937,26.03424744039934,6.213117842353777,29.473027562526006,79.4827687735215,58.20719670306091,Black Gram
30.164536265199658,59.869340881335205,24.15529225408268,7.019040297433888,27.05988184188473,75.63944190711152,45.74024381722957,Black Gram
33.37865955967892,70.51730130405574,21.774659115488628,6.627474202890799,27.04979232825911,76.12993086689258,46.82976861440659,Black Gram
42.05085289751001,58.96392772843336,32.48796063416661,6.205058482601035,32.22683574474487,69.78837946679283,76.70690849321267,Black Gram
27.532742510367488,58.57039578545197,24.860602503176047,5.663876878076293,26.95980184701762,79.15649573318021,79.17713814017606,Black Gram
32.52518658660844,73.46572042027871,25.896493513468634,6.039484931747534,32.023987210805984,74.88352709862286,79.61938616880568,Black Gram
30.300945748185665,68.4411900532347,16.04047510058894,5.727292077393439,25.039183749510933,79.9919102158951,73.07957940016172,Black Gram
40.73446029467082,65.19452150576359,21.0013416581088,5.802528568925352,27.846747388464635,70.63956832893709,71.4708533943103,Black Gram
35.79323577806305,56.54967253110966,15.360580179178244,5.7046643590681265,29.104987136973794,78.99789375573528,67.30908684232276,Black Gram
41.0365179975103,64.32749189009097,22.233321663900856,5.716800745433245,33.75933022186205,76.74740043541854,50.88413341592038,Black Gram
35.245211277525215,64.7474961584249,27.501831053730573,7.392373787982523,30.797714417624796,73.10325900167928,46.76130265271324,Black Gram
26.25814952036048,58.746935826535776,15.649415433834966,6.986705791140025,32.23330303993963,67.04084351647464,74.26276152783484,Black Gram
28.09572069692224,61.023511739947175,19.9795379832273,6.244614197146095,27.54663765889962,72.33426389657679,59.25927584741399,Black Gram
44.73138981558653,56.11852700256451,17.84362752774703,5.605651787817205,31.25841194982376,65.81763916120579,74.27539080816432,Black Gram
35.23877261363856,65.54015249163068,26.231890154243885,5.8416274126124215,26.976903031144875,69.78225984309508,65.77237455376479,Black Gram
29.20235551880429,57.326634542665225,34.40233772836864,5.543963629619245,33.02697405336022,76.82052724362534,55.402493984578356,Black Gram
27.712532320146266,57.91257293410847,28.94863234474385,6.785613182172347,32.82745674251387,79.06221758598657,69.21745771433072,Black Gram
28.11703073102887,59.86885233530821,31.84387461746229,5.918612151668417,25.725223169544815,75.54920081063375,59.08842244215497,Black Gram
43.400801050918076,68.00510142187323,16.808379555833216,7.3957131345073215,27.58557263640246,70.0581873560943,59.07911447892397,Black Gram
26.024485928086264,64.9303084446121,17.466369821505843,6.301940653376704,28.507097879920842,76.59260125139755,73.1109679071456,Black Gram
28.06825764778176,62.331023747584524,22.467063220636632,5.80282088787217,32.98453505051191,75.60842492503134,51.66336252039621,Black Gram
32.33443817187598,57.11610049713028,27.56413194186088,5.74274384909724,34.85934168624918,76.71023112031793,58.65834923543983,Black Gram
36.571278645587086,73.22683632432818,26.081985607916522,5.84899697279591,28.787033555811593,77.64717297544618,67.54745555963663,Black Gram
38.014487686676006,72.33642971376977,32.87946114925009,7.339585143558873,25.94849193253156,73.16189002944651,70.91783324264115,Black Gram
40.138536902540274,67.13432403940007,18.335746703673482,7.094841107883329,32.20111333514946,66.29203657323555,61.23334386360317,Black Gram
28.47954799043607,61.74954091425944,15.361621844113708,6.300659736821516,30.498769211562106,74.29373889240631,68.22216207950486,Black Gram
41.725826262049196,59.309258145514605,17.40963644876936,7.203074343795851,26.5661281489265,79.62140122004293,74.4888380289523,Black Gram
35.01753211779199,74.62842849844051,16.947534582160085,6.1061315223502035,31.382244150406116,70.25010302709768,77.49303931932772,Black Gram
26.31252176355635,65.98823664121929,26.81732534790229,6.8054562475544484,27.556662233318143,70.46849641279796,74.52881853827421,Black Gram
28.898855379403198,71.53735694346724,26.253108458054847,7.024375022388164,32.136073662634715,68.11267243077319,64.90844577518556,Black Gram
42.35446305610185,63.64232473603859,34.33181540446633,6.404430200203436,26.427856366678846,70.8415202011651,78.3095842236688,Black Gram
31.394416986797083,72.36196319734125,32.62501363363779,6.200373048663922,25.83257658050632,75.86836863738228,55.90293046548951,Black Gram
25.658472285151447,63.853096965208664,22.279001135139325,7.166864110122805,18.82363331061628,68.43127345322915,46.28571406308866,Lentil
17.3468103055456,65.5189315380292,27.131991667517262,6.5426524678838485,20.242547205377367,70.70727325442601,43.08318338910965,Lentil
15.550456098047851,73.6682625404691,25.85301859996633,6.865780014334963,21.47720054420612,64.29299443103419,53.5430889668509,Lentil
20.190177464484037,65.91499359558871,20.391357402462255,6.122210846569413,16.933392336120523,73.50744713212671,47.260986868128015,Lentil
19.333663116617284,56.05419579706878,15.56349344315971,7.075772170570136,20.38094664121111,69.08705984216266,42.29373591268006,Lentil
24.895014632598446,58.36473158216984,17.8490211549153,6.691068257022414,17.86279862111941,66.47462981233146,54.357129336599954,Lentil
23.01943490437089,71.49034139599858,21.265628504594638,6.1096276365392255,17.736663849214576,73.80005463196817,52.88775725698106,Lentil
24.194741696020404,55.14715659250829,22.77308598273781,6.056292986297705,20.69230212091448,73.20770849636075,64.05257391501223,Lentil
20.81105350777848,64.16409610504432,29.17525641372741,7.010414747995043,15.648992795384094,68.65725577667497,42.20735055392912,Lentil
19.396086428973632,64.10931144012723,23.73217204222113,6.535155735523877,16.64270449455928,69.03719434589956,59.90608653037286,Lentil
23.280244561352045,61.76735731850432,29.03284534138286,7.3683113568737735,17.093483993840987,64.39417585120363,57.239261250522866,Lentil
26.552205226983066,74.3572913190271,28.34754591132466,6.900802152309622,20.300523392123807,64.27841051262587,42.399693405343335,Lentil
19.192295034658528,67.57007800167136,23.35877749977616,7.113953984522536,17.797669308870407,69.64952607652474,37.644267301723765,Lentil
18.27331047166414,70.00321665909202,25.401012801435662,7.485964105758269,17.77891125987756,68.98189299173978,44.8859124132199,Lentil
18.812062281183493,72.13900259738776,25.2631361278273,7.323661787021372,17.035111083318863,72.73361117841438,36.79286822535153,Lentil
27.771985608743048,61.581475589214556,19.718814501210996,6.7681328650479955,24.40690187723232,64.47781364681406,45.56692925212236,Lentil
27.131439773666713,62.92108954870933,17.987353463956005,6.637191271997118,18.855525014916694,73.15416201466704,57.85803127229291,Lentil
20.102311114880127,74.76741133443142,21.979162969138848,6.087356746230413,17.62274321814985,68.36070480219313,39.70707872438361,Lentil
28.95130252648086,70.33697795635547,19.02430800641659,6.886206800276874,22.21449157109572,73.41278928906797,61.449060475262314,Lentil
20.303844522764273,70.49305239586035,23.432171307413775,6.82905583506831,16.147419583381918,65.26137658016152,50.88600845067372,Lentil
15.377230899580132,55.420738049209376,25.842588058503182,6.0487298950352475,20.952768411040545,69.39193794127314,64.06444071733414,Lentil
19.684262786952832,56.27202872755595,23.275319517096925,7.261644255924152,24.9684928428144,68.30343173689073,44.608962274902275,Lentil
28.13306593903998,58.824842581522425,24.2314337254939,6.608571636271422,15.410823649555553,67.47288474305698,42.956855675080234,Lentil
23.721823078869736,73.97580995383836,19.020707810679568,7.217198908727522,15.553598169384095,69.38121010039814,37.11650191129684,Lentil
28.680659822612785,70.3270256111478,24.869248668068884,7.235844572436997,21.47519795570163,73.68944397174292,56.41873843594314,Lentil
28.493172191644934,65.34263784021276,16.75596619472794,6.792266582134525,16.26872828063093,69.92493479176404,49.47479181582989,Lentil
22.451507956655632,55.20093962109663,17.922607374830463,6.736995647868197,24.505035615891348,67.83609040355158,47.73116078160904,Lentil
24.293921780132443,67.07585514572236,19.483892251474998,6.616224593351141,17.176997988572325,73.6602145913021,38.919031446720794,Lentil
17.436735691328387,55.51677944440022,18.326692379003195,7.170706707570233,17.011752322888796,64.80063402528965,49.2335953953357,Lentil
10.19938469469037,56.69532308852666,27.114388043444627,7.15721001728941,24.15138820404896,72.5451543591075,55.49526689719454,Lentil
11.046657146013256,70.65697235973315,27.68266216260841,7.198623218657932,20.084790353080262,66.32901838649482,60.3598992706618,Lentil
24.54325619480277,74.61522348777703,17.335388966338993,6.338496874578083,17.117981498815027,71.92539767621336,40.60721889350354,Lentil
11.333196596466122,74.97121613171257,15.372258171677236,7.252866090238299,18.653668415506527,72.41615459757816,51.63861473633435,Lentil
28.032624589727202,73.52385972829254,15.136472719211639,6.113118263989183,17.503587295708556,70.69315416363501,61.64816589534518,Lentil
19.198839025879256,67.13946232548531,17.827497791933418,7.207450250822528,24.6732811135347,66.68598932914597,49.84477854801639,Lentil
11.722322210127476,66.18273312925936,22.541751627700208,6.216654726232616,19.420662131180748,67.34104652086563,50.65492625915568,Lentil
21.713086708575986,55.16991157214419,26.415089744243332,7.069521437792611,18.662863862065223,64.52935935568819,57.647976193551514,Lentil
29.10350320956265,59.80303192044028,19.85286920605557,6.275719334222723,20.769361233448397,65.54841394647455,45.68581830384139,Lentil
23.94026027868526,66.20231966018697,20.79693846491903,6.630374402711313,20.621108826232295,64.05864727887162,37.3552960536083,Lentil
27.625161355260232,56.557579781825815,25.60205394315758,7.380057246163579,17.70683604301731,67.70491437059515,52.06764217534149,Lentil
27.634179392771692,73.83811174520841,26.09344872166902,6.129929641282041,21.691541555348508,68.10303721872663,49.12102998473185,Lentil
10.982967806903542,58.821242786927165,26.857704113004715,6.68093824957179,18.01662241631149,67.84019073964959,60.63198539977041,Lentil
24.97998034809914,60.446307943621655,16.7625276031856,6.377997332466108,24.207564510547336,69.81588837849755,51.00440626234349,Lentil
21.92787199384923,62.320565314930306,27.10660530479269,6.784929373950375,16.167479027687957,65.29065124829063,51.105774395078555,Lentil
28.731404361416782,61.167042433523974,28.043117532888274,7.1461433798683185,17.47812442906907,64.36340748316242,38.05541795427148,Lentil
24.569878676948804,58.99339476081293,20.569063807580907,6.752548749009637,22.254681684501627,65.13231223259126,47.190992158323844,Lentil
19.70145818285391,65.8165412794308,27.27540962092825,6.257517292564826,23.078314518266225,70.92878427696652,51.67612442596878,Lentil
23.990557408051437,63.240354779033126,17.075963789521868,6.998647860398051,20.246723066856223,70.39374800542775,45.1399634308547,Lentil
28.137331546796716,66.74739737151154,16.281037264363107,6.674705986056643,22.563560547436342,71.94134561732272,49.83791158291277,Lentil
27.89495141662602,60.35336874388595,21.158980458574,7.347895365853455,23.96256716471579,70.8571276882468,60.769416413666605,Lentil
11.775465339124654,72.29989952415553,19.809298598253402,6.267497268642325,17.393698363420462,68.17968508013887,42.535760138134016,Lentil
16.411351720329982,57.699569721432844,19.442651483384978,6.858425721813002,19.41853708091064,67.46718761235911,57.39356386571342,Lentil
27.870199427866357,70.13578445804794,19.98001053176519,7.11666325175633,16.51980182474051,65.30317988091291,45.36881111108477,Lentil
26.15404738088114,59.926964944846034,15.948801133480194,6.197564302809533,23.5874496852958,70.33783284747288,42.5960349010993,Lentil
21.105916506563627,65.55159244850701,24.83153967660992,6.349781331632425,23.644029871943978,67.09368562080013,55.823949619287106,Lentil
10.322492927444298,62.453142597882945,20.275647269382127,6.815226642874522,15.727362617771965,71.90131373726108,41.533424053027055,Lentil
23.540756297640204,71.06424246488186,23.428154343622698,7.111324810082978,21.618603122150056,67.55529797152008,59.265756171006956,Lentil
15.894027397710559,66.42425835503035,26.180966087123092,6.568433864718761,18.027676076174252,68.59346010172823,59.53890483047461,Lentil
28.598435262913295,65.9016682571978,24.92199307985478,7.354910433358372,15.985468514129424,66.32078577866164,56.267000187547474,Lentil
26.474889238245993,72.14058056661156,21.22660765282399,6.1340098534378,19.3778147729962,66.30734590207054,43.73589364989873,Lentil
25.445351136750116,56.510541720517736,27.41371826221053,6.641503628736253,20.96063931100595,64.8965223123568,45.12077235071839,Lentil
11.794018380296915,74.23087445762219,27.10892473989376,6.6894491315346905,17.23602548323671,73.33455105249853,45.337897871809155,Lentil
13.219688633747495,66.2632877690791,29.15661180517224,6.005745435750484,17.381248432539987,73.38447640410408,40.13257900571486,Lentil
12.264869032796398,66.4037443159961,27.927657349422446,6.715664726540889,24.945642566845248,70.79171699537993,37.222247216313434,Lentil
29.856642633639506,63.15788473560381,19.31103800768224,6.836818775366829,18.043075918208643,64.86457507120153,35.0428502923753,Lentil
18.99166705840525,71.73726844453185,23.584727784451147,7.498810948415161,17.868466456472,66.80455064760055,39.79248380701833,Lentil
13.281271765306704,60.70373192020096,26.892600679102905,7.358635185954672,24.75087169707681,66.32289654096452,61.43892636842275,Lentil
16.56510178554674,57.25681089033769,28.050373882802482,6.954158451965428,16.647308960810616,68.29831257513003,43.61773084631203,Lentil
24.735891374203938,64.06832461248536,29.839199176595773,6.082117473389393,18.550152661362468,68.81900167109977,50.09400664244959,Lentil
16.318716447712735,69.58480498195136,28.12120610233462,7.408078952966795,23.05093376799526,72.505801973066,51.516359018599864,Lentil
26.51776452853629,61.070078182959044,20.977181431638215,6.475369520727816,19.673873354479255,66.85579616238637,63.8483432676334,Lentil
16.256892560113364,56.960890762218796,22.9022574907562,6.085648617667765,16.105431663085806,66.19389389196246,48.93050749646425,Lentil
18.665018646180556,70.99383724005583,26.0921198082617,6.639477440986052,18.3370420757563,67.16468784061499,58.21985261882027,Lentil
11.041448124425395,55.25643299021212,26.93316587889972,6.715719563983574,16.30881138553576,66.35565934594501,62.975118592921476,Lentil
27.19005951249796,69.19570100447945,22.2333784550599,6.780485439287078,24.752445352839587,73.65770443884287,41.45807137357503,Lentil
26.222091326106362,58.94485332334034,18.203062168259272,7.014139551246865,19.050010985875485,73.3154440710652,37.67029204688026,Lentil
20.23051281618986,73.37043060886242,28.561704907192578,6.2347938201236115,18.666377000964566,70.19121400046696,39.781846543142066,Lentil
29.360443440914775,73.2949865745532,17.504252685517038,6.181733191891478,15.854084828082653,73.09443664036631,40.80871429386382,Lentil
18.325698570887095,63.97702731304006,23.985165663203514,6.107603015621137,17.26758617400516,73.31490386918927,62.25230321805709,Lentil
25.625812948113843,55.38802491236431,19.90510152744153,6.941938103014362,17.75190211773476,73.09586695053777,54.01668385497325,Lentil
11.438134346328912,73.18011177671406,29.366499872643338,6.116568627587588,20.32360234861315,67.0336428221417,46.78517229444207,Lentil
13.593024359106838,66.56144204024825,29.36969029873336,6.754608900407414,15.829145813944812,70.20001333477408,45.20668983353771,Lentil
27.118503791825958,63.6935629663294,17.892594134133684,6.286658434036718,22.687641807211605,66.6558759830736,58.017001824776685,Lentil
14.117746215331987,61.43372737402619,21.98230458659549,7.4147937745401755,24.317314247538246,66.06871875422287,45.74657123729219,Lentil
12.987987769075445,65.19970158626994,21.908738260419998,7.351140243676099,24.300053777910726,67.83567391007293,49.75213829056968,Lentil
27.924724982922662,71.13415615490123,15.05484467016974,6.480089346275374,19.217742419361258,66.29716283683231,40.98714847687816,Lentil
10.755690131913592,67.86739450139521,18.937654357247485,6.078520767646969,17.309793105280637,72.01913952836126,60.5446754493964,Lentil
19.661324903866053,63.321413408173726,29.667805402526724,6.300846989382105,17.153592828546085,66.918671770364,40.182719548432615,Lentil
17.58731196408373,73.21668453979507,24.230217609428614,6.617919822918395,24.344107945712146,64.48464232475823,41.30828533705584,Lentil
21.31777210203518,67.31105246386358,15.593362598439198,6.604558136860698,21.491539648308727,70.98070546403402,54.14419707548808,Lentil
16.41126448721849,56.87040247195819,21.40668669629001,6.193131656052083,24.47623658520667,68.75170866022629,44.51777523070603,Lentil
25.326081422378003,64.95897185164527,19.65051036018675,7.2179516135862025,23.671521510011218,70.73008166288678,36.408932672230016,Lentil
21.326457603330642,70.26589823994563,17.04754518125373,6.343006127076905,23.824951050681364,64.20121721853074,57.58181413477928,Lentil
19.475465850288458,63.935443176792134,15.106447987423307,7.2290973464497394,18.598249006365663,69.40765631300543,55.31902059006978,Lentil
24.052591528758317,74.11960117652144,22.970099298549137,6.599579326461641,24.537036264917077,70.42110235025521,43.94451068829667,Lentil
12.529284908071423,71.85109002930363,20.432724041912273,6.9907045820466465,19.70816419365898,65.98929779795039,53.05059825861395,Lentil
11.213661379013647,63.266849197423845,23.199224094955063,6.654070461177868,22.486721752509908,72.27924954545313,58.13729222099534,Lentil
10.776258956236042,58.88257540891944,23.049112638956615,7.402233060665702,23.349567750521167,72.42534508351801,44.096245812790244,Lentil
18.58895794157405,64.41411894631875,17.360573750248655,6.046602195366685,24.469028994605168,66.40712585663506,42.198467111708936,Lentil
11.66758107537519,73.57015503887557,23.69605672409658,7.000555285688031,24.115768872630525,67.4562016890079,53.645219334142524,Lentil
18.659590730391088,17.80158792346694,51.624916101798846,6.650152534507503,24.805141531657174,91.88405313887107,153.35544335535795,Pomegranate
18.004097079647288,18.61866504057042,39.164636172164286,5.875724420124645,28.44724674026753,91.39836928273222,119.15213220501482,Pomegranate
26.572478833481536,27.98467554559098,39.82699407675,5.617804364189198,24.851237886797318,93.73825912282489,155.06905446947945,Pomegranate
31.885487282763904,29.393882214138507,50.85324953503234,6.40570461826563,25.946732704419045,90.20034543174134,198.43219788140414,Pomegranate
24.51917908377572,17.283423208753003,48.334177107929136,5.926432433643189,26.686226167448382,92.93383953922296,144.57298209028693,Pomegranate
32.214016464265725,18.974505923331645,43.972651832354686,6.306538192886457,27.308997766138397,93.91985925252794,139.4807282878256,Pomegranate
28.982798049642135,17.259164296027787,53.65296201084957,6.074588209631505,27.836171375811507,90.10170540941088,120.5187142904807,Pomegranate
26.280403253500825,28.173787015985198,45.545102999013544,6.894805723440818,25.87037517266237,92.45224548367975,111.97467885005318,Pomegranate
31.645156150587738,18.70448118700594,52.9922497874463,6.866236330495594,29.5464808949932,92.60115244551545,167.70937847836444,Pomegranate
31.23476996104828,16.965219279756983,47.019143899949945,5.551446851954967,25.98052866710981,90.77421340810113,118.29229259620847,Pomegranate
24.205808633774225,21.486557500747544,47.46344849064374,5.6116426276577736,26.029534089899556,90.9131256512655,157.39751750317419,Pomegranate
28.83587840844012,23.35063884829281,49.76591020956615,6.003413866361352,28.120852733065046,92.16383540854096,148.41844983225968,Pomegranate
29.017736163438215,15.275375759988359,48.07988442840497,6.427877723608173,24.47877693402624,90.42897142449745,109.09354499130411,Pomegranate
33.694803698748885,25.339189818387556,37.54205227541481,6.03508475396336,26.739863951212772,94.17785852545325,104.36609287130085,Pomegranate
22.02276323499015,28.346234854430698,35.18331100367633,5.802098654190831,29.672193407783727,93.06700923261086,126.16713666375065,Pomegranate
19.13884860472941,15.422870106708332,39.89490159273855,6.822228729383365,25.327309234380074,93.60166684582997,191.82850353799577,Pomegranate
24.93668784724788,17.869160565560957,45.34235861713839,6.862125530589782,28.434995313101606,90.32914921681576,169.2572800077582,Pomegranate
27.722257881802214,28.61194764519638,37.44962833700595,6.301054169806985,29.03570154809514,92.05011893370872,148.1994917732867,Pomegranate
19.19783152033829,19.172154606733663,41.49013298337895,6.91768367311733,24.261338884329273,92.30434367634825,167.13044235642798,Pomegranate
20.757117330933916,22.29663580712812,49.770780789518156,6.800282819540599,27.010074197299414,93.34526757658475,112.6283472584569,Pomegranate
34.078200453187904,16.988611162267237,50.49345874363597,5.897224482667478,29.46874514961001,93.5997976968474,175.3813712978369,Pomegranate
21.724005942018017,21.645599649527412,47.35626389178573,6.654960427309901,22.83167500729912,94.81182658227264,189.02206705545558,Pomegranate
22.595926038424935,27.34140364548498,45.36647846079647,6.192709722343028,24.515472846491242,92.90484293315797,172.98891177035978,Pomegranate
24.98585938436689,24.438287895124382,48.98625842310608,6.566682725522929,22.415728785049442,94.29873902842533,145.8253314765048,Pomegranate
22.461073388835644,18.626467612195224,44.66028225687901,6.830247309203439,25.026780653461174,93.74862873391771,109.68187309872187,Pomegranate
26.09296393656805,29.875292105891035,50.40875605584674,5.81579273266092,26.011531789583287,91.16812381824283,140.95609272625092,Pomegranate
31.2614284034944,26.568372229356054,39.5620075580477,6.88333497723229,26.740545462118614,91.89962145481007,150.19355807808606,Pomegranate
28.286211308441644,23.398357977686782,44.72810071072357,6.2573992061341,23.41129528342309,94.06366452152339,154.17603199410155,Pomegranate
20.22835764897995,26.49235652374167,53.64887956754701,6.920960348855443,24.952141859289384,90.67758436780377,151.83996266330652,Pomegranate
19.914356898936752,29.00981127768926,38.67159254710292,5.879148789926746,25.253092215079764,91.91582234279564,179.46628923978892,Pomegranate
25.75738594936636,17.561523900050055,40.34419790972148,6.263670077781283,23.179631339409077,93.05827837823007,156.5747306551146,Pomegranate
30.14993937849838,29.065569230690514,53.24509122202311,6.919113427103247,23.957724776189607,90.65782653319677,130.22767004964484,Pomegranate
33.21644793702735,29.580802119352324,52.18649902140952,5.665026581691316,29.579423984478346,92.11679013675393,100.93102907623536,Pomegranate
25.52069359271929,15.691037545132014,45.877558423222354,6.007831041155577,25.78747946875239,93.06585180371559,186.88010958178202,Pomegranate
29.252326800022786,21.510733027172712,51.3885570734073,6.8583732063596985,22.958079731457577,92.65966488776395,128.4511959742444,Pomegranate
18.800040363908106,25.02820042670978,52.25541554918451,5.744353981716091,28.499309260991204,94.26697866768471,191.43404426664836,Pomegranate
22.509846514462893,28.55929597784834,41.41325509472865,6.328507020183254,22.404059766658257,90.21940544184372,172.0373212732203,Pomegranate
25.55615962562245,18.844385630538262,38.808269920498205,6.504930236288827,22.00321235220272,94.02945584598427,107.92496061299288,Pomegranate
21.25532345343803,20.793545929486342,44.69717479432207,6.032492673720913,24.565697319874353,94.81958006036594,164.15796812433942,Pomegranate
18.398360241245598,21.452638626664697,52.500173994879404,5.952184279616002,22.756450758195108,93.79192385794958,160.60138319360811,Pomegranate
27.695312633050566,15.80364839411112,37.80998019591035,6.433824094319671,23.662590731670686,92.52035039874212,154.48816860293934,Pomegranate
22.81962223460597,29.226377333122393,51.8492821367115,6.583560261449198,22.623950931275274,90.5306500965451,149.27813458649558,Pomegranate
20.732126936246758,29.67398195294211,38.17040468054819,6.231201753195961,24.912968454732045,93.19693210727048,112.90364088894249,Pomegranate
25.315379276720645,19.120575492107154,52.755030493433765,5.5608785682020425,29.309819952051676,94.164970692765,129.75707164408155,Pomegranate
31.41794112951078,15.468203405081214,54.337311005867875,6.289892413884684,24.42624820852356,91.81291606297339,106.64053534604973,Pomegranate
34.81894173871467,15.589379177260387,48.098142462957185,6.164103891559687,29.59132974550972,91.22999870153397,153.20868239380113,Pomegranate
26.2000555459068,25.54299666075152,36.36020463904841,5.790683695035033,23.7165185607428,93.69075377420845,118.91386963267401,Pomegranate
27.7493599861466,18.228657307514304,52.23249900167957,6.913278181734458,26.147943799537924,91.7615444210459,123.40577750174991,Pomegranate
18.846277025891744,19.02750114296243,48.08471559890636,6.300425396963816,29.55233022624742,91.9813863124585,169.38633423283946,Pomegranate
26.318486707077064,22.688643238863175,40.35548629208235,6.182426165262999,25.766279976101657,93.53321260874466,194.0639999186114,Pomegranate
23.598461717202575,15.633007028719476,44.92590251001279,6.316691998223753,23.34752440905532,93.80232303138034,198.49291084414915,Pomegranate
34.07817018914383,17.95659058235478,52.507264798015214,6.556740454617527,25.630772510455294,92.70305497162364,184.9600174982458,Pomegranate
26.162293973852343,20.598110536576904,44.864949860519715,6.368694706052573,23.51262123022679,94.50453865133495,167.4186948829614,Pomegranate
28.76557159473731,16.49244339270957,47.083478763451836,5.6814409933577386,22.629581401563193,92.63655447821196,140.2785534046495,Pomegranate
28.009774592655795,16.33833252085858,43.619661256945164,5.762180072567737,29.896800687392933,92.80575106217587,168.74368609408674,Pomegranate
23.532110771604334,16.421083721690163,54.517417255670736,5.929388553074775,25.390465481388595,93.24931960851288,102.46972976861113,Pomegranate
31.774405218793877,23.048672850429305,40.56434374137644,5.592411977938704,23.29998732379553,94.47516929426719,168.6024223935891,Pomegranate
22.248329267827128,15.984011474175443,48.81230624773273,6.358611588951648,25.23615619566588,91.81805724595031,121.68142759291084,Pomegranate
29.3833913611378,29.56002041690806,38.51430491673652,6.395674930023255,25.39348044596781,92.23344360872332,125.41472801278144,Pomegranate
32.027292886244126,22.278834062208617,45.868117043965285,5.9571413691959885,23.454467725335597,90.4295519410141,171.4119140924916,Pomegranate
21.335982788693546,25.351130312831966,42.80752892093908,6.1236622014844775,25.753419968742172,91.83854254063772,110.06199772225901,Pomegranate
23.26374077004838,24.956015410409076,48.31568802937742,5.929336460859991,25.680821012461504,90.96723614005968,121.03720815298358,Pomegranate
18.391800502912325,28.45119824861617,39.21413330149812,5.841300815404695,24.236811461161054,90.63704035847715,163.92628831813627,Pomegranate
19.277430204018973,17.013036394895252,47.89513453180186,6.009490930722164,27.663582613609513,92.7871237233507,125.60211730615131,Pomegranate
29.064075158318577,16.74410520439321,45.72820766160061,6.155722157567552,24.142988662539526,93.0200249886975,187.13335923402826,Pomegranate
34.9813798959723,24.116441531151366,43.0941174865834,5.837810650324302,24.056768715160892,92.39727489074883,136.72777012807092,Pomegranate
33.53484688462405,20.524432014835643,42.46889182290871,6.075301768650966,28.692961682941267,93.25394160423451,161.41688503188925,Pomegranate
23.680431380525658,27.268562652486594,35.76727722711402,6.80619575850717,26.101999198351436,91.99125117431706,149.71672807176856,Pomegranate
29.34606401907513,15.19148139776846,52.431037129164956,6.170109287967089,24.743732157600625,90.69122782817028,143.94653743584422,Pomegranate
26.437487111834443,21.054700417402167,48.573201876537944,6.1313447931388385,29.691340622772586,92.99638758911796,180.74779356519088,Pomegranate
19.85905035286114,20.959369394188585,41.73695402894305,6.354223582204888,28.888908160491404,90.39169108881003,107.25747980447107,Pomegranate
32.455401038679184,18.192751290575362,48.37506508899627,6.314317198541207,28.663148759097837,90.62544454918202,112.97829657226113,Pomegranate
27.46591212473123,29.195679800375565,43.299955167415085,5.990413150382042,26.853514585583085,94.65224300272516,183.69278328446237,Pomegranate
34.92322138246474,15.338528748035657,37.257162894255245,6.414201645049933,28.564611514670798,91.42622171153383,123.92110880342187,Pomegranate
31.378588589480415,15.845727807798474,42.3876529516517,6.2587138338884944,26.482789394802587,93.64307578396388,135.48457234306582,Pomegranate
28.415633859468322,23.780631341864343,45.95232201307494,6.460724939713319,24.07559336854461,90.42324376792314,111.92716720397434,Pomegranate
21.81790050511632,22.50296903284178,51.808855010920404,6.551940013132576,28.312324833616376,91.75487811963046,140.465374164855,Pomegranate
24.69259206184042,17.878097766067523,36.22433316287144,6.38637413924084,29.91373346736469,90.83414852475131,104.66848198992737,Pomegranate
31.25203859100686,18.788790100270862,51.59287610705857,6.555905000551773,29.565388296406436,92.04463617878336,166.1969839450634,Pomegranate
25.902531273825602,24.458830459628153,43.99197812015475,5.782948369636112,26.063179328027047,92.64292100718721,181.0603848260161,Pomegranate
30.50385199849088,24.956874359121663,37.26774191105145,6.5809244359955725,26.002441250836117,94.4704976805308,191.98709341305428,Pomegranate
18.937662040230354,27.309623405317183,35.75394780845341,6.050754438542534,26.33839980496863,90.74050399313563,174.63138125690767,Pomegranate
18.142029970926355,17.52898572651055,46.61593659706951,6.571581343055938,29.33314482155133,93.52748325967312,167.1779270254866,Pomegranate
24.70379948796129,15.019266382902021,37.40318517471244,6.301831817134059,27.401039086755357,92.08724141948231,173.06790115283903,Pomegranate
26.871659020647037,16.11264293391468,38.84032501935898,6.759997334865915,27.799301972995515,94.47380993506248,111.75572491209365,Pomegranate
34.83378308845626,18.141100709249002,35.23559752573284,6.996134408580331,24.248591083560903,93.3400972625628,117.66823141763052,Pomegranate
27.86388504738541,28.560524796818388,41.40362334856877,6.505380964066539,23.503228710387333,93.12397699359363,133.645035181751,Pomegranate
21.590540395995177,19.697730760554528,38.57682137015599,6.852874161756825,25.17749509053703,91.22639652487183,144.84078410159327,Pomegranate
23.449114835710425,26.16628880719989,54.42439823770989,6.1570504850464705,28.88826719977792,92.8293153677981,115.72356650942335,Pomegranate
29.740586615382806,22.701517456887302,48.01213046504207,6.834531118857497,25.52347656524837,94.50588811608678,175.0669014281655,Pomegranate
26.30628373992574,24.048332034869453,41.51162265038023,6.975395949608162,27.338809304403167,90.21923426248316,132.6621905748009,Pomegranate
28.59634537390398,15.844999166988597,35.47768382638286,6.175036359291704,24.66152143754136,92.19149304016582,126.26933098800052,Pomegranate
20.800201698030676,25.337150354705066,45.29142232535601,5.800231316874051,24.55671541007999,92.95903953831663,107.22293482724778,Pomegranate
20.50670115752505,16.09868406161085,51.24634665428238,6.628613849818014,28.026503455034057,93.58162671738015,166.93854236698692,Pomegranate
26.108862561428975,24.634172452606727,35.76723109575949,6.432196633985177,28.223021644295017,92.50179180192195,135.75133284272368,Pomegranate
22.716254491616645,24.64203075243124,48.85602397259817,6.806451399793814,24.738672659687925,93.84886153692793,156.13558241893378,Pomegranate
33.00822034152735,22.917181624434313,45.352596567959345,6.366815622161363,27.994522841139474,94.82345239414231,107.35633542157656,Pomegranate
18.90838824064729,29.063255061110077,45.597512510364126,6.422354521850404,25.85938881275783,90.46828726303737,176.80893784186665,Pomegranate
30.702818966505976,19.675549822392178,41.12478490456801,6.756762071358278,22.578858061930614,94.40552574178282,125.66616898959144,Pomegranate
28.080740711843397,29.039912685026664,48.56245003073293,6.121644718700555,27.516273671243322,91.71989818158185,127.72584163491861,Pomegranate
119.86733111738718,85.01580462359576,57.894399547636354,5.532934464828978,25.245804145775242,75.46585314052733,155.4181255448799,Banana
110.48130884156204,80.7475838088771,61.81570143878229,5.050139799639832,26.8337603821297,78.55605586761267,144.7272968157122,Banana
82.8950557277649,89.08263283142145,49.465108021387216,6.383461663225377,27.12946577518341,89.78286199882827,155.40583834602108,Banana
117.2333145670323,70.10697977388446,59.964776123618,6.354575979653773,25.69860283489477,76.44188777598227,142.45726071859556,Banana
117.34715624531741,80.84773120380878,55.54912927443464,5.211689177448982,25.003947555466095,87.15210136118192,108.75745629862382,Banana
105.35399274941295,88.29232909030384,49.17303826316862,5.997909254355366,25.393492883537547,84.0563271575642,116.39317209532027,Banana
109.43814242060712,76.02462589587816,54.267820176092926,5.899145813041432,25.856367053331198,86.12456727926431,130.26403406368146,Banana
106.49487439651014,73.16566101398747,58.76235318412701,5.192282109215693,27.126782481349917,78.70809110608315,174.83752494281828,Banana
90.48140018027499,87.63434612790792,62.83640422813225,5.294661972834179,28.06922972503862,76.31576462579946,139.15370996016293,Banana
108.5328691800509,83.18846493699833,57.49401338813216,5.423811295493666,26.89012474717201,76.54419217050429,171.90228204336012,Banana
100.15555187165094,84.17531264691308,49.97887049593746,5.486657342952599,26.671076686300573,75.38613614620824,134.10478728306236,Banana
112.13218294072135,87.94596991499478,55.364366312718545,5.68325254282883,25.15412309349685,88.18806506378074,101.30102134258728,Banana
117.79000320840848,79.78432497376181,51.83868987149453,6.38632765226399,25.121954965550483,83.72137342303631,154.89325244993375,Banana
88.77281604845528,78.57774862700421,58.045280118875404,6.090696795322891,25.0035842935329,89.05280145136523,116.45253723928124,Banana
89.34321736889437,75.26946891387696,45.75640273104071,5.1845781853854875,29.93174961472081,79.72825106065929,111.53010903390494,Banana
84.27965044698493,84.38919935339943,62.09137328065282,5.3854284492627045,25.104547561676174,78.34635027668034,105.65156907967574,Banana
84.13579746520166,78.63016239695284,49.59836741723265,5.773918817788135,26.26746876628595,89.10805951654422,190.59439679262647,Banana
102.67224420041865,77.08847983974772,52.622937640694715,5.617778424716746,28.63789661067472,81.77458493278257,185.67299465058974,Banana
117.76379143721458,76.71892306757867,56.2138896275136,5.1425848052488465,26.002345238831793,81.2019865006524,120.62027159017788,Banana
115.06241963154869,73.16572512118196,54.11321643106184,5.908548860689813,28.459319540804223,80.7460405458976,186.90990687247285,Banana
102.73276604311702,78.79015560895104,46.344812681040736,5.697034202667748,29.103679204078652,84.21811527331974,183.21624537291183,Banana
99.76046682397222,72.36923410188963,45.272796916717624,5.454829320077887,28.489952357488963,86.85389855912541,129.57528346203293,Banana
99.82615683532988,78.42237808868163,53.210455687028556,5.347023069800226,25.68185552514729,77.9503283734682,105.53323871633461,Banana
87.92522967294308,70.18401795250759,57.545168012719564,5.474563111081524,29.865723557134544,77.90575576164447,134.5828570309594,Banana
94.31364634566133,70.1690299212492,61.78415906078918,5.047991690216487,29.700899173646206,88.38111526640431,153.55219160859636,Banana
101.74382299645168,83.07555845912313,52.74100023869774,5.970833425096783,25.223841943442434,75.8107144102459,145.72304196195444,Banana
101.9848920442414,87.75635280671638,47.093212678157926,6.2339718907908335,26.050236686460348,80.91125472765047,131.6602434827413,Banana
96.00621091461596,73.00990996145171,55.0714014880711,6.202463884747051,27.207670051894485,82.35920363847299,184.8767585281314,Banana
108.24232458552123,79.8090881703957,50.1539129637836,6.3273901202674505,27.88510200845279,78.3172141516604,126.91197526380104,Banana
112.12532355744983,70.88291124174911,64.8418437405764,5.195527519572187,28.980342626984687,80.92162975157524,149.22161832874667,Banana
115.22602309858311,78.25822379178426,55.74987507346469,5.073949493613755,25.011737369337265,78.67199809502588,168.05830929187672,Banana
84.85059573436547,72.27523917609099,53.219212160718065,5.97175555791234,28.56035996123965,77.67676011147562,107.95881473720425,Banana
117.61588135782176,75.21332765124204,62.066929952174476,6.295237175694227,28.862612958812722,77.53250409978855,182.18014592542005,Banana
110.77002236966347,81.93445980212434,51.744040703379056,5.393762906399816,25.609446060401794,82.64635600351308,158.52608755098464,Banana
94.37355962063148,79.50718135361737,52.270289147385334,5.961509085981052,29.506296038982818,77.45880393070418,138.14088099031233,Banana
85.63474415803445,82.49887540815664,59.57741018977192,6.397869098896184,26.394359631304823,89.25316808798145,106.32626718206748,Banana
104.12055453458353,71.1426543868666,62.875483755238896,5.794713585605081,28.34674175381398,87.47360888865678,115.03106224839688,Banana
81.54366247752536,87.57762291825705,51.29866454917865,5.193468361890748,27.342306185435433,83.97459113544028,103.09706034225101,Banana
90.9958263302835,70.65599748553792,53.40670778390998,6.342650043599367,29.913262057467847,84.55571330255441,116.16376937845918,Banana
116.23397559997224,80.3249564640012,48.07498624205836,6.382590004177493,28.787345253615516,85.97557909084728,170.91807037944045,Banana
88.0135928438577,74.22013383415052,58.7658599685451,5.329584125165596,27.193358484015246,86.73002738390912,178.3952518097841,Banana
98.13047090103439,85.8437987655049,61.77243592396114,5.982163626926391,26.142129261542102,79.11017670578322,131.48411554087355,Banana
84.67216430935808,75.4631924073989,49.19038448625064,5.682993124712903,29.542187739361324,76.56720475130938,172.02679239473957,Banana
107.49132017652511,71.91508397326716,63.451448098116,5.85270830323523,26.818627605678422,86.3480787524296,125.7365458401634,Banana
107.74039348185282,70.79422415144495,61.78816075218544,5.672256270531978,28.18346457178971,78.31856729710026,167.7073712658448,Banana
110.88961103573106,79.46426373768797,57.354538481235885,5.684488885733598,29.470456846289228,82.46803770771479,184.1808709028819,Banana
112.05408233080993,78.21009642696713,49.6016898371495,5.609123198839656,29.1310868788761,78.41448803729088,152.44363458577493,Banana
112.24386991842991,77.06954950256758,57.84419274005395,5.368447361073222,25.5463972268408,86.91576337639285,109.89686234087068,Banana
90.85525580318338,87.1021884399488,51.92938574157334,6.459568024271242,29.8986716738693,79.02414030680335,104.09782222498905,Banana
108.20253136821516,79.01973005296688,47.015056879191526,6.0612842284670645,25.155874545559605,88.05295035738364,113.86525291133037,Banana
85.092475149869,73.5134459593717,64.20532716984133,6.039754040380769,29.006857677318184,80.9645247859913,133.63127275049555,Banana
89.3793602713268,79.61296056624818,56.03657467068337,5.947662265479133,26.28559251999347,89.22981121354486,116.97584982071359,Banana
118.6261269906565,70.29712245015007,54.622513836336914,5.500051757174845,27.245617069651253,83.55996868471183,143.5589158012709,Banana
96.5938740120638,84.65446830826613,58.71752550172929,6.249906923053771,26.24979490619748,84.14292764631095,158.5194785392854,Banana
94.78951243490755,79.72115083805362,51.27564286611457,5.212766596425478,26.069006053313664,76.58270469601801,168.30695751901243,Banana
106.42909572436606,89.01212743159746,59.59356827294482,5.078068758134197,29.421225869644772,87.94012744418589,144.33203207726987,Banana
103.43452202111686,89.52156664945038,55.64608727696333,6.357982742564134,25.41519378905093,77.86577803063024,144.07549434413178,Banana
103.39027233349219,86.324557037256,64.76524230286374,5.583277244711175,25.237078180700426,87.01757254942987,160.43807190828082,Banana
87.94171435472806,79.8965691324284,59.84620491067449,6.155617680602965,27.49809205999381,79.57821795193288,197.37425820384937,Banana
106.53450443825972,78.16475038692597,50.609264484093046,6.0966544745053435,26.21091722796884,77.57564983460533,152.98338889620703,Banana
91.59949570576568,82.5781028984723,47.35877349748467,5.982411656850982,26.416482639988512,75.0036440165177,112.69360576741764,Banana
117.34461511340376,87.34709278230716,49.67218064072473,6.167557856818236,28.04285796586987,89.56357067174804,137.3605659534059,Banana
107.25842450068686,71.27071444847837,52.92494693632812,6.4457264917822705,27.694904372250605,79.31819255002267,112.02709631286069,Banana
108.14113360726122,82.89712086859454,52.47877427207549,6.426412027798751,25.11101406493925,79.55585777447739,192.10694862995814,Banana
92.83741753277761,75.0450566771034,55.68440819862495,6.2357026248808065,25.515733804391804,89.14531064468605,179.5072881181164,Banana
87.25001022206207,84.24015922396325,52.699174452751144,5.603442017114478,28.916450462194334,89.44177211971098,112.6655872847194,Banana
96.82520947515277,79.61883216168607,52.52623633909995,5.5447836855743375,25.261343337807983,85.28307930843935,143.62144171200453,Banana
87.79175210575707,86.32067004604137,61.05121496303256,5.729587442133341,26.492253305738803,84.57139088694679,128.8152135777403,Banana
89.44031721294849,84.61029308052653,45.80650479441901,5.142152706551891,25.03394087011795,77.29414779713139,106.89900087104594,Banana
119.83209471119675,75.77619939908179,47.98536025338495,5.361494386993877,29.680627857700674,82.80240334536593,136.48180963078568,Banana
114.93565831636877,77.89980541098065,51.700171399153916,5.310923783824603,26.888984119547057,79.75026534025389,167.7303959298141,Banana
91.58330818682909,81.54399492845123,46.31784330063945,5.286933735044771,27.037026358056742,89.05423880863043,137.72519857156954,Banana
106.56296484799336,75.10174444842797,47.54067151946464,5.087804900120076,26.527067492713755,77.36491540195362,117.40104480161241,Banana
110.430372335478,70.31676141889749,56.15620251470869,5.569192070890197,27.532749999542737,83.44245355821904,131.3367694457278,Banana
91.8043544073714,84.66803698669811,62.42553976242314,5.288872448687792,25.488093802675746,88.46693709588038,134.98954636473985,Banana
102.05269562651256,77.19086289040007,47.516046726921026,5.883997467421592,27.62570425884815,78.04490338786796,145.18690446522777,Banana
111.87790016062584,81.80852206215783,46.9383465413399,5.822032245843703,28.513691496447933,86.89055108671127,162.9117578634267,Banana
86.10632658163135,84.20346533180322,58.54683692163033,5.03664032441095,27.058738337951215,79.9942537044356,166.94120642536433,Banana
88.64543249243683,81.81743845948517,63.26411923628345,6.196703558312912,29.60728868108265,89.67758950399035,101.06701270061627,Banana
104.9096510550991,78.25678795517813,62.19708980670244,5.377722053013698,29.90514744557538,84.20561954315622,179.3537402228831,Banana
83.42398211291074,73.6691576951773,60.16807346068406,5.032979783058986,29.084389929468912,75.20923528037868,165.71188390612733,Banana
94.60375680927223,82.22989705438398,58.92062813978227,5.513712828779457,25.539812240554177,76.04468801622399,158.89360225625478,Banana
100.82621414936446,84.84402018242265,55.194710200078745,5.6336686850463185,26.990435891181153,75.39670353896501,133.5557201696657,Banana
119.04080630097977,87.47111152454178,51.58756134068435,5.881693107599558,29.23648372767747,81.61911505125103,101.7957863750151,Banana
82.9804184727456,80.20785442697414,64.38878751351757,6.039814313328302,25.354580957192848,77.84041313687794,177.132314321685,Banana
113.6575903982498,82.35389172377182,57.888463392596336,5.042506175575077,29.14265129790754,86.82412812256244,125.90351441033471,Banana
108.34706879862028,74.29709212849997,45.80660322103026,5.301704813885566,25.893144383771496,80.0662199510227,141.8449497175458,Banana
100.34155565990832,79.53507751016656,50.413492119305786,5.0437560028611115,28.025508111185754,80.93617244771032,129.86721573875496,Banana
114.6776417132205,84.93486615596319,62.15531096744884,5.742474192068691,25.65465626063389,85.44332154181909,120.60737799371752,Banana
97.64918676366867,71.30001577897777,61.50616804845965,5.188910961571251,29.51548753524655,87.96345903392336,146.4582764439246,Banana
109.77472817215963,82.38890147636306,61.061512846754894,5.647707651178868,28.92904242122175,81.93685225597721,194.0965787842794,Banana
99.4548840330059,79.2523854386746,60.701437231270255,6.232366537641257,27.772445571605854,77.69696720242614,146.77582309575794,Banana
118.72290011638714,85.0597238607837,61.22325207758264,5.0492382482288605,27.3392973131708,84.69931700486333,183.0032683628075,Banana
81.97094614331085,87.04877771283746,55.96801873483823,5.29597095586409,26.5862760822485,79.22894327627341,153.0859034288476,Banana
82.06742719644527,73.17072316999847,61.25386086751565,5.1989059861202165,26.166981347290633,81.80055908406236,151.71208881133305,Banana
110.54441918456635,78.94664853332375,60.797292420710775,5.9275194605681865,25.56549869711911,77.34497157589257,143.70337254497707,Banana
95.87557572356158,84.87088539274589,56.61474279594704,5.582199621503374,25.85380141725193,78.40255653488242,157.5501018469059,Banana
96.9375521959917,80.29855017721344,48.41354870604467,5.994359378516849,29.262693704279833,78.86909260180352,149.15142258318266,Banana
119.02109316083607,76.66483481101456,56.90092689847522,5.135293550300367,28.030075012397216,76.34447659956926,195.9235435323822,Banana
108.62650608289246,85.76319576271413,59.082087215432736,5.884593554114699,27.24956390542753,87.87560069641594,195.6835667543063,Banana
24.980723458081627,28.973025737328932,36.66665819977035,6.576768373792866,27.63586186364285,50.232194038253,90.33476947362533,Mango
19.830124537121225,22.645847574053477,32.59919904519505,6.396970456005268,31.845185756512397,53.756809266733185,130.6964645424097,Mango
17.670311027056393,15.719365986554815,40.50819029184989,6.641366350143957,30.085638448351162,48.74656997216379,141.4645894064422,Mango
20.07284948682751,18.4209272535003,25.230520281059704,5.760681447138143,26.47414489199756,47.921969014773474,178.72725963698437,Mango
21.172652970479014,16.954859200534923,28.981646256559156,6.675406456682953,24.51234819091831,66.56085325352892,176.53497113134324,Mango
19.93494841334762,21.75142902886289,25.442689020589942,6.781420449454443,27.311408464420712,51.75146165253889,108.61533995549476,Mango
28.08046155317521,21.243255465484715,28.59318578059824,6.878218162973648,28.520578264293547,66.4668013732374,100.57283089888436,Mango
30.71333203888912,25.102751802258886,27.300218736561956,6.889641459743442,27.53237831103864,68.62461963889608,102.74502155561093,Mango
27.85666781631476,20.729700681944188,44.136293411817554,6.159949790580553,31.6974872759344,67.53714627751873,114.33449117795907,Mango
31.070835536528556,29.934063027052588,30.053260043425645,6.373554338646639,28.161445892534076,52.373278395096605,91.37383556814268,Mango
19.40258488395053,19.229053265126375,33.871994026363744,5.842204956826803,30.986034853533383,62.6227783182834,97.66804298036958,Mango
28.00184902279863,24.804847146084306,44.12442347287255,5.5060417427123225,25.98345959844646,68.19478698438289,173.8920523858455,Mango
29.411728387412747,26.4864498157131,26.829659158592943,6.5277516695564675,25.852663930311994,49.530451090340435,162.92729692109992,Mango
17.700762733610947,22.029774554945778,43.771564791720664,5.871664111130685,31.823947389905875,69.85719964402648,140.00554392141626,Mango
18.402854803543157,19.741573319113435,33.4898566535307,6.118648448716446,26.245084639012127,69.30574273040894,103.80283446741711,Mango
29.666558174337247,15.006154341587623,36.92365338804754,7.331886007908105,26.30347275274575,49.63814938144298,148.65118153905843,Mango
29.252028145967863,25.320457784279718,31.38633760042748,6.0044048043186615,31.647350399696354,68.08248770674824,131.15849489035384,Mango
31.923877323087467,21.78485216451444,33.487780361450206,5.813525895198589,27.411248451935784,58.435423464995175,92.02538946858178,Mango
23.88226010350813,26.720343275928006,38.60092112748539,6.77031397772787,31.276443427497618,45.45080024563075,140.13428275730107,Mango
30.74697696819414,23.12003074051901,31.477911051607585,5.772501130183956,31.10050457452953,56.76905980969008,169.03036772871314,Mango
26.717042448663367,25.11288174922501,41.085223087569005,6.818311089200269,27.1844387254315,57.840834598216276,162.2740972208292,Mango
22.473005927459685,20.821821851527456,26.913802321160023,7.329168870443495,24.728290519563533,61.2052294362139,127.1875030922518,Mango
23.112387805108845,25.19327754859026,26.341874652597575,6.6874115659028694,30.17625428777884,65.70531894716486,105.34773504543978,Mango
32.948381001563476,24.842191377711632,42.63709601641366,6.4705614342203965,28.336266760777615,67.97595692571679,170.99185890192047,Mango
23.96321746738004,19.116189474535226,32.86340869128529,6.2755286570595,26.294934999862352,51.71449010832416,167.49566428317473,Mango
16.397238413693234,25.16416773149391,28.456401029129047,6.189011786788127,24.492344273078693,51.74934092138655,159.1578964005518,Mango
32.700306490945174,18.322907278535506,34.27095678517844,6.440648095874413,30.988602446077874,64.06997632189514,136.1769496531245,Mango
28.414944009435466,27.710325808640505,25.1907790805109,6.305780062100097,31.25794533821663,63.50782577109878,138.85572369006672,Mango
25.59289054070267,20.216551464066566,35.41041067283029,6.810766398926907,27.346904307430343,62.85382865980435,167.51090045343472,Mango
18.093696963697223,21.773205342261367,33.160401825701626,6.874929608099456,25.998939722063433,61.00627287380691,168.97403175583392,Mango
23.362631995872455,28.6652354996883,44.86327477866957,5.712184099895904,25.86442550387887,68.75949378705232,176.2494917833248,Mango
16.95414550773517,15.22497750565705,28.222000465128446,7.492025566764497,25.439996932885496,57.56369016805058,166.357595378746,Mango
15.408032213764127,24.06733473387689,30.540508977392484,7.224669832879464,26.267689194112634,62.16889300704772,150.6797669202657,Mango
19.4298709771928,15.521987998025251,33.184991475707946,6.078386303931739,30.471821996909668,65.00910471138363,131.1321556973363,Mango
27.13024450646438,24.063892739803876,41.543162968552465,6.350004828246395,26.20357343832407,51.625872953513685,138.25730513539838,Mango
23.98296405464425,21.601811564774042,26.822746781794145,6.9372074813803914,25.709893503855284,49.92384075521804,127.1482488249654,Mango
19.55556683235603,23.75787400962023,32.42926678668943,6.39782344518558,28.29735457283223,50.08838806204512,104.01764605789768,Mango
32.6084380574721,21.505855542471316,33.24187219265078,5.571224300545683,27.983810420699147,58.854243040275,140.29567838591998,Mango
29.140623386457687,17.662227524865177,30.044462684612377,7.121460930460826,31.577364934747152,48.39831868418302,134.78845990546964,Mango
19.28352505479174,15.901097525324737,31.510066762522708,5.7873752503684255,29.67946458747397,58.34313534178611,102.94510238912798,Mango
15.184831768110287,27.12235573536319,28.52388812328495,6.712433284441532,26.695375304613965,59.63714845787589,118.40882642840916,Mango
16.738791213845083,18.344250128366305,28.76117132958151,6.356038704879287,29.266270267409258,51.595151873658935,91.08629417705562,Mango
25.378747285295137,24.08639234038458,44.25740988003619,6.678941606186494,27.769380475025134,59.3350406474426,173.51105668758242,Mango
31.567562912032926,19.844681000457122,29.745087273142744,6.025267224732147,28.035368317721705,63.601236280714446,135.28972864646659,Mango
16.35592791656225,25.85371050659971,41.11940257341908,6.0789957302394395,29.313005914266803,55.664797526359834,170.02074201546986,Mango
31.904511163214796,22.881479974644634,38.83011091627189,7.266699402044208,27.965736080626204,52.83126851222055,157.8299524118623,Mango
19.401325095693835,20.82796722009063,42.31454474213587,6.94884468053863,27.230488041979996,50.36861256020894,122.03715517490129,Mango
20.68208298454866,17.641339319157808,39.866658271313135,6.004139773700343,27.63333976134211,54.646486170902726,178.38696407720676,Mango
22.82184488296441,16.199737241951322,26.79651505144168,6.681507442706129,28.794908413906125,55.468974762066374,128.86593230808268,Mango
16.078651656817424,22.748197655838933,35.09478950760703,5.7990986371138895,24.83071508888742,48.089312264987264,99.09254218421327,Mango
27.194163910735195,17.94723978604378,30.02860304374927,5.8471442883028795,31.662682435588025,66.36543657879588,110.74453536163688,Mango
21.55132587844252,18.148392634574957,34.83751918921648,5.539221064948507,29.370944071174364,58.07895374544104,170.8775035470993,Mango
18.287853686568283,27.061638690916975,40.839220289334314,5.754362378433774,27.188473793153022,49.253816028612924,112.9248450411794,Mango
20.264923496610887,23.34354591038659,33.22821863520931,7.395465608012611,25.01096113557604,69.34230337125497,110.75747761928375,Mango
30.45747872763706,20.08454889259232,27.86162790834628,7.21577837049248,26.470887193891706,61.471385105671054,140.97993165779639,Mango
24.435126187817488,22.437292089728086,39.64475828184575,5.675545828246881,29.34544529566324,67.39530253496447,95.20093773178777,Mango
17.813066784673335,25.74947905053047,33.74563296489235,6.3070972416273765,25.095733076353888,57.6692510179447,101.38907800767396,Mango
24.53240912621081,26.45422948442485,30.165287157743272,6.461572336359454,31.936127755174684,62.16626058385093,165.7221094174679,Mango
23.296952131210915,26.51791384688783,25.810183458826437,5.74582236508449,25.624564743360498,55.04879811538049,166.1170390493187,Mango
21.92532101575861,24.819317902731942,39.18628589606967,6.672364708176683,26.85793574536109,59.426333542838606,120.80390335107717,Mango
16.67747477104024,29.892059672790218,27.54364907265022,5.644696767672115,31.028245993657247,52.54586652232238,148.52672766661567,Mango
21.58011459324466,20.871814061917068,30.24225944033593,6.186088011586021,27.285603204692343,63.010401727308576,136.03825748113127,Mango
33.87130434313954,15.628205907581632,35.06136645264056,6.668449577663436,31.361575888594192,46.22896309053569,141.61496264416945,Mango
32.07259857055914,18.628915921788547,42.52584697047875,5.538086818548583,29.859637033069838,68.32783052921633,149.1477895476056,Mango
23.78058487960896,15.67321524709077,43.402276266452574,6.44059244538315,24.231973954687582,62.24552678321905,133.36535282186324,Mango
17.486906348848215,18.214077139653895,26.289813609116926,6.6485870794171475,28.976235834016073,57.64355745888611,163.53919197023532,Mango
32.22017642616027,24.2343659502469,25.25512959414861,6.890459311495471,27.34399373536281,59.13893708065967,148.4172541816996,Mango
22.004732286541536,28.756477577576916,27.679497334995624,6.843023614562075,24.034876639652644,68.11627763512952,100.12537199142824,Mango
16.897684602951493,19.995114495783664,32.471325720781614,5.928600144645757,28.680973287416997,56.07285245104909,93.07580301369786,Mango
21.393041245106012,27.156493703597558,38.794030697237375,6.949741707159761,29.58493539266819,52.77432553457583,98.96975298690982,Mango
20.44934368066192,27.47677950277739,44.60941595566142,6.487694029483123,24.077602839384337,48.50112030335573,118.98725177846391,Mango
26.571706971858994,16.12640468707971,43.86714597419763,6.230167346568802,31.300673743398583,64.51304506892555,157.98935452640228,Mango
27.13439159564464,24.401757255777667,37.76006470432496,6.757442774051164,28.42982585118689,69.66035046207222,155.90615106831265,Mango
30.538927767850424,28.08694222625511,29.312795254516985,5.667608318190122,27.86315549278879,57.852017390481834,164.6263601954926,Mango
23.875671585646714,23.56279538316469,35.54141877026917,5.576405567514782,28.921719172775312,65.7010821443563,104.17504932682235,Mango
26.886634678531916,23.904158166696213,28.283699281127173,5.746927147461472,31.84041554381188,54.842979241325935,110.46795558511764,Mango
18.4264908890875,25.014025703748526,37.188905946545574,6.7871042459748345,24.704048220091618,67.33836458746092,125.03397571281434,Mango
21.26738812860716,21.93542170871609,32.80132131495257,7.227154006278292,31.434087801583136,52.586330411240155,167.75422267139595,Mango
30.63046259066134,28.962115085171426,29.915006243717755,6.653918300241958,26.196356677923557,65.60236226210935,90.47917715139579,Mango
26.29638325772792,20.08805146907877,31.453674141556405,6.789812647729834,30.811875594511953,60.22988478483315,166.78556807820502,Mango
20.2919422376206,22.792527821474717,34.01073078134152,5.523289799006193,28.45449714512592,61.53810810365437,143.2722963977163,Mango
29.72559797566843,23.570092926796157,26.335005097015138,5.732891048169423,28.77179662035162,51.874479799341,97.16806161312893,Mango
23.592054868970934,23.31483897125483,31.57491976699213,6.940867404451556,29.15016486480996,53.3204590272918,157.93852760177046,Mango
27.97390085066071,24.561680680768532,36.06855401574136,5.522779336177106,29.572057467815114,54.40104477772891,174.834873914279,Mango
31.359695421544107,23.815417042969685,30.04363963638539,5.907434786555333,26.72307870142039,56.914198589500465,116.64589590350523,Mango
25.298589907849657,17.480556382697788,44.55425625651,5.715849109929987,31.455553117234977,67.83945028506737,137.28244336375482,Mango
29.498205436721687,21.540724469588817,37.600691550848765,6.181151874842238,26.409272158283564,59.45574465423784,134.83167067655825,Mango
26.59072738299962,19.299908719305343,32.33915663633991,5.667795921257818,24.418210978177648,51.33642824182541,96.68221733974912,Mango
17.075494172694814,27.19392608090906,25.777473940333785,6.817885587869485,26.180461990523206,66.78864201770315,133.64930561197497,Mango
21.111529186556517,22.764584035341517,32.63916038090538,6.628602129339661,24.916262946610786,69.92476257031377,128.30002899270457,Mango
21.964612794147374,25.653147724743974,32.277988129906646,7.166548610057515,27.6341657948834,62.98896033163587,99.6707894797698,Mango
31.922383711102235,26.03576980167165,29.234335569239313,5.790572019491574,26.530338789804993,69.40176465079762,113.11484171103527,Mango
24.122544178932664,15.450303385760044,32.94455059132465,6.642640030866206,31.62499690006372,57.91840112350161,163.7196593559919,Mango
25.94255285137801,15.611775201532772,31.30016550379548,6.651099015662206,31.604751727448996,66.47825899378083,110.55200527609628,Mango
19.40219660038327,18.017594506708512,43.44997792605007,7.205332306203442,30.199067458023592,54.81837785560569,135.394263386889,Mango
24.286634895903056,18.80097161339059,35.10056092297534,5.560993095705509,25.054482987979675,67.16473990422367,157.6511790328281,Mango
23.457368181181742,22.75725543425816,32.39997771919955,6.981559734321345,30.273497433856637,64.08212975507898,155.03505523510046,Mango
19.090086773855916,20.069549688607182,34.3969086996735,6.1615859828553114,30.03952160126663,53.23383810624887,102.44088781068035,Mango
22.98080904096608,29.698716491735706,29.517628258671518,6.724317317886458,27.46378439871765,46.77561419123317,133.90889453982535,Mango
29.04328657296625,22.698299637417282,42.44212127493162,6.077874033315165,24.68999337043172,68.41414029145015,124.03767145753972,Mango
27.798894374711768,26.88004689195294,46.486273277511614,6.574246807266417,23.35418849817828,82.91293747205505,114.47106361365199,Grapes
31.790919492823082,18.33973852840178,54.34807110810421,6.914947595868479,27.27772209068877,85.40029192260688,146.1033568097812,Grapes
23.540132437691927,22.134825463873756,52.05615064533519,6.9789873582559885,31.377645593182244,88.62152958293122,188.91305357048583,Grapes
25.95343611596473,24.86166490766197,57.90133445872428,6.089426147487029,31.617624783454687,84.15786062069184,160.10826653932156,Grapes
30.066680125630324,29.258880196139074,44.89232548104532,6.6191964673579635,27.208155861440822,82.6855714062064,177.66068397963906,Grapes
27.387778762955392,24.914607309745136,46.45802137155802,6.2219109277414075,28.17354250988067,84.04910814269844,119.83725398477013,Grapes
34.34788836936016,22.672013100639262,54.67840740575401,6.116570790334087,25.551317640257164,84.07164298467126,140.919664378565,Grapes
27.25106197101321,23.15204804972045,49.94307631765743,5.702178677376157,26.96075478500531,81.69103900420652,112.61357862957652,Grapes
33.85497719479985,24.074250197215562,53.18980116249168,6.102690505500045,31.08980891914864,86.37930489579665,176.91698695235874,Grapes
24.265561973471137,29.40017821228688,56.4092258031663,6.7809226945218155,23.721942674257544,82.70963207871219,128.5626599683577,Grapes
22.605456795196808,27.831122431564317,40.63769590417184,5.614149983471162,24.739148706299037,81.99872974649443,123.18596138828484,Grapes
31.5650342173061,23.446898908380703,40.115413225859356,6.143984148556293,26.07884926850359,81.13945269444544,167.61417886014573,Grapes
29.93565220245135,25.813398285781467,54.56941891117184,5.5000792403984455,31.539208038467223,88.14208767054663,190.3981696589285,Grapes
18.26593602022638,29.00788193678609,56.19577057376209,6.7558287144380476,22.932873847219685,87.38778028918598,195.9916689642091,Grapes
29.535304804108733,23.558421069369096,58.912593554979935,6.164405682601654,27.992935663104788,84.76338293494366,193.2846221360299,Grapes
19.293440355013622,22.516795512380224,53.739048827708764,6.687859807633355,27.830186474441362,89.08917744121455,194.19914468838715,Grapes
19.09342679429092,21.035558093120613,40.46918043442309,5.9941249860616646,27.36868217970602,89.10794930509948,184.65543224654027,Grapes
20.167495353423757,16.395455621113435,51.78534677513334,6.298176958688174,24.663776414300237,88.99453084553835,192.73664094615535,Grapes
24.844394451782765,28.354538356702804,47.67897788525946,6.60522524774455,26.75942217547724,81.22583156507183,192.79342012370216,Grapes
25.719642087418123,26.017305604836054,47.343476288625844,5.528321317864352,23.00530358691836,84.96219479489925,168.99643571263624,Grapes
23.690500551847745,25.432326887664757,53.97271178863912,6.555903860991746,26.925218540205083,89.14886150121504,148.91965179806155,Grapes
25.654508289442848,17.990712285159404,46.153101747126726,5.563501738777455,28.3353529361617,82.48535743927093,130.4155254485465,Grapes
31.10384686829346,19.90831774742181,44.84391784026285,5.753586623700558,29.74858402181956,81.29706257990027,145.37537602503534,Grapes
26.617811973312307,25.310848690285717,52.66566964665991,6.716081009417762,22.44751433926238,82.96440724779397,128.01341187753798,Grapes
20.48228739506584,19.33767380784665,46.19530628285807,6.282826692891217,28.63704478926256,83.81100513611814,171.9470231313381,Grapes
23.71481075585286,19.354255159721404,50.823761117140485,5.535574540458686,22.797891236340003,84.17969543586527,194.29127113917565,Grapes
30.265700257338203,16.321898542508364,56.926360255617475,6.598451155912271,28.10946525702653,88.20292960609177,140.4109847742957,Grapes
21.765517864515495,22.68035083663139,50.97683511186948,6.307489558014868,27.650737914801052,89.48704918239181,190.22456230962314,Grapes
32.88718962150197,27.021252163629406,58.8685621453057,5.647741962519105,24.651232614457395,84.95055945654585,184.6534493123405,Grapes
26.58781709588645,26.22052109012383,42.77919810497833,5.87862071946484,29.317760950376723,81.64734008887724,135.13559346549266,Grapes
22.502726382830716,20.247925413337178,54.1664809815594,6.051770771714201,27.5526332260794,80.9993187705441,180.50176932346278,Grapes
24.28810663601812,24.728012385500136,54.507792033236655,5.81449138316755,30.8467498495335,86.16224251606953,142.87251417514815,Grapes
21.099698120829732,29.1345140685181,55.1013640826325,5.8120368440998735,25.377107747242245,88.09674258088073,169.5677663215339,Grapes
31.018332976167315,21.618016533193988,54.32952525284334,6.0797405842958705,24.112629169381965,86.3267703484136,197.6013925598794,Grapes
23.280216513720603,21.914543883188095,53.48002742139707,6.312259423183732,30.434277957090494,87.61742706469516,105.8297203862357,Grapes
34.97316097670416,26.28603680579201,57.278066325882264,6.476796568143019,30.562851280467623,81.1238297492871,134.77378355593157,Grapes
32.89915604127638,18.024828169003385,41.56484197160046,6.682178409917828,30.35486155643296,81.626522181899,185.43459827827155,Grapes
29.675052525151884,22.80124024824876,56.6050038556277,6.128873873978449,23.939939562233974,82.84852676610613,150.51640182933147,Grapes
27.032623475443987,27.083712396618505,55.82705447304669,6.3720498358068625,29.807854833654766,81.9177345829367,105.00645270932944,Grapes
32.8517749847899,16.13331740644154,44.93376859487994,6.542978424436576,26.094479376273092,88.76313969915509,129.79797946622696,Grapes
18.20181289337911,19.50983460841116,51.56150098369663,6.06390756310494,27.34872755758755,88.76598118835018,191.24850542303685,Grapes
22.521559099119905,21.932107099048512,50.982880304829024,6.923668685332371,31.986173191643847,82.35407248841527,172.69798713458152,Grapes
24.42652805796432,15.121622953293198,40.185050448718044,6.190849011343383,26.883349130043346,80.22569696573443,168.69274167743026,Grapes
22.9980576061142,23.39839652303924,46.01838146330837,5.750701472303961,26.071737385988754,82.32273364790501,153.4800976919168,Grapes
21.380085014870158,22.626089649669407,43.14757029737735,6.5064620642286775,29.539376844414242,81.10394234249934,146.7802412037339,Grapes
19.20481891113285,23.972736683130037,45.28808595859291,6.291436685258062,27.17461009384291,89.243543461938,154.90832225687228,Grapes
27.910974155211367,21.024796886465705,58.981592063656336,6.665778864159415,24.854052903028418,88.44209585776233,143.239636018509,Grapes
32.0873414400711,27.34332102440253,43.77740373525709,6.5517116970753655,24.906429693065313,82.97492669992668,129.63480768805806,Grapes
30.334660208519118,18.44739062688804,40.0181167049218,6.5728552802239495,23.711847438351253,81.04482395307835,123.75161205940601,Grapes
24.45830887948597,22.13859491209801,40.89140081425262,6.95585999894104,29.160630534195583,83.23194065324336,131.86972572853972,Grapes
25.625223339263812,24.393672341445495,42.927461331779355,5.783394720647428,30.59434582833551,82.56254923889072,138.01949979751777,Grapes
32.81162146615199,24.94721744099734,46.834237586833765,6.525549318586931,22.196832153814135,87.35642660011365,148.70160405162395,Grapes
31.82409650383584,29.319564780097025,58.515770989891365,6.863897565183011,27.12169955933887,83.60142114138938,146.50353247306728,Grapes
29.728232056327133,28.2599666530678,44.13972606000239,6.877289737692554,30.15180231969889,89.78856015178235,188.0251773281687,Grapes
22.758934604762413,16.589338670160714,42.244821439831775,5.936834977867414,28.141837239845394,88.04320326097172,189.9250306981565,Grapes
28.603807534276957,15.084469691220805,43.72633553037067,5.649589305780052,25.6332447556901,85.01350993633746,104.33971785785609,Grapes
23.924125588526138,17.68769511937984,52.941403325177475,6.19640855398651,26.953176469339088,84.27691788033461,195.6019710486567,Grapes
21.650497127066576,22.749963897658116,54.720347367306715,6.335266619701844,31.29020885716801,83.77968355641283,146.3675805773178,Grapes
19.504879358650385,24.134986665778925,45.76423936896212,5.740463559273353,27.44531292904508,85.32310263379911,107.58716412240476,Grapes
29.869662709406036,24.356582859762796,43.780345654929945,6.204152293231066,29.2032291647856,85.29435740541277,139.54890761835702,Grapes
23.47975378737604,24.155907999660805,58.78217396620481,6.507617260716225,22.747459036363153,84.60684973482134,189.08241315106275,Grapes
19.605861238618477,29.83313568206315,58.98138787290843,5.617411721094814,31.33413320449555,83.63132590259463,184.47091670758624,Grapes
25.112516741125617,21.612826690537737,52.684861819550854,6.661716128913975,22.337891509482485,85.93155995527134,118.6732994097371,Grapes
23.88114180367445,20.219529992328248,49.38120680442307,6.00120461781426,23.073611184506678,81.45628738525451,103.34379855610976,Grapes
25.994234450588824,29.31671542279483,42.31350447296233,6.919396739504623,29.333615147320934,86.37498802934164,164.5277755323563,Grapes
32.0543700227368,16.60379796569732,50.095086471310836,6.545636707391138,27.868204450735636,88.32779071023295,107.22717090113515,Grapes
29.741917671485822,23.010415955770767,47.58321727959887,6.010412473351046,28.20832632774193,88.90995374644265,149.61759261011153,Grapes
32.020293789307644,21.03234572765951,42.04788925586353,5.592258604687958,22.513343713236775,83.8015014195767,133.7237750835842,Grapes
30.204929401583684,26.14232252377299,41.01707937667479,5.831684894333522,24.742618501588996,85.4761198414281,114.45152239069503,Grapes
20.277000729800008,29.15683333811937,56.08405814595562,5.7709823531367554,26.06567807905491,83.55621999257565,179.10040740654074,Grapes
26.673619580128076,16.917746054902004,54.77984126312488,6.095331967337378,24.629242476321473,83.7549862202072,149.77565636068965,Grapes
23.832963779089162,18.628586588876367,47.970040576079604,5.528759366124848,29.72497846096314,81.70944893567585,104.39046136306372,Grapes
29.112877779386345,26.609041932355083,56.27658263185687,6.2402637739909,24.053681846899853,87.37227677249827,169.9713077154337,Grapes
22.186602479753944,28.551116337941895,42.08742916165658,6.974032359386989,30.602478109774644,86.87898645479075,193.8749888279833,Grapes
30.27928986150303,17.85685495545069,48.843122762256236,5.607254536497453,25.896574222881153,87.41603019737208,138.64433509308174,Grapes
23.61500098295828,23.930335837654678,57.444090579977896,5.571374788819169,25.854704346997355,81.58240741815263,169.53542507318696,Grapes
19.79731752732929,24.972116378703667,45.723617415958145,5.798375220605837,31.363525578249856,80.18524576745956,143.7777271889569,Grapes
18.367658871850495,22.253895721564934,50.02094755588836,5.982493707092121,23.321617775250235,83.76387537734476,167.2262939932566,Grapes
31.300728746955805,22.961259035822135,51.79668788879511,5.800924556686979,24.873303332276492,81.61895610052359,124.92953500046113,Grapes
21.823075263834042,22.791731795868564,51.25377511581459,6.917421131232256,23.95570647101523,86.41675710161496,181.72592689875228,Grapes
27.524104884311893,18.825054787516137,45.2510046004,5.5588795796065,25.054442265484816,87.4460367900338,104.75177572071104,Grapes
21.72801980258212,25.59348747797673,55.65303125645753,6.182977615092892,28.98074338478649,83.87952168654893,115.99132450241275,Grapes
24.76854138988941,23.699517303047145,58.96106563705781,5.603126428133016,27.073940938449606,83.28919778210724,150.83116942766947,Grapes
18.40758260540104,19.695380320523718,56.3973629505401,6.330912600781956,26.505824928161175,82.8552507171534,129.8042522791356,Grapes
24.512724371039937,27.533560649468406,59.344264136165364,6.157983072025562,25.93352838747762,88.46550775819863,142.69053206363037,Grapes
27.38430892902607,18.464124968981167,54.870050715581506,6.297982477406173,30.090345502403416,87.8073273002867,121.50047682700286,Grapes
30.16580435948196,27.00081611927057,46.922144815647904,5.7589136693534115,22.02632155579588,84.50903653093148,135.24327315388416,Grapes
27.43346717503195,17.820616388831787,57.1933109533295,5.886632823442165,24.2642960508765,84.80714056484356,149.88510237442742,Grapes
21.656448889346578,19.077910900888735,43.3941047831049,6.57769026748475,29.70089031254082,84.62328497459282,171.40870226850174,Grapes
30.510901662936575,17.07413291516713,59.32356049669073,6.731547920644647,24.044834611958237,81.8616503574607,112.56611455795827,Grapes
20.352435563212612,26.22242698543044,49.39308513903247,6.674401259109801,29.462548943502053,86.04612713505222,168.63666065786794,Grapes
18.31204731444541,19.67666470207533,52.75644358518821,5.514017430229366,22.329769436825934,88.51887982470383,168.40248616920718,Grapes
22.511285463045848,25.319442601780636,55.84913338278527,5.960191424665152,22.360373774991874,89.32779124687734,134.51798382956304,Grapes
19.810189975840007,22.37785307089721,55.369355913282675,5.832470971926338,24.694900501333635,82.42714986798583,199.16730528316782,Grapes
21.355863473419223,23.63280325449186,58.505292833139286,5.720344853316669,31.708541978677005,89.47477234395625,188.45719870582627,Grapes
21.64746086261004,24.51082584016475,55.2178294592248,6.979041892294644,23.804238220813705,87.66025899519296,133.8801169927113,Grapes
20.98564991465604,21.320654118207823,55.87671824297233,6.197274705556078,27.375231002030485,89.95159410200121,139.9109299557426,Grapes
28.461812830057077,20.478663024230578,47.8557129265741,6.543461130168112,31.378869760948835,85.42358950492321,176.83999289487798,Grapes
19.516511499888384,18.167370561478904,50.04263281839065,5.530017585443162,24.528549787625586,85.17401289824966,101.49611982563007,Grapes
22.49728686584271,22.710462292138043,51.46298495962491,6.888627539582958,28.453456232506078,84.14735802529994,193.03511771330676,Grapes
103.54648950163383,54.000178422254955,43.27105903372049,6.513717453614099,28.47906532461587,87.89673613792756,86.94025250393432,Watermelon
98.75634601572546,69.72764343257785,53.339743252760215,5.6696586347525795,30.626188518527908,82.51853362345709,88.86510740719592,Watermelon
108.71321288000155,63.93591027928682,54.90075402374503,6.190579263512561,26.915278927963225,83.53004750971836,81.81863528547953,Watermelon
102.53819350813238,63.57034138968829,44.96025252983907,6.240980770215237,30.333120577464506,84.75704078189057,76.8311639867747,Watermelon
103.13408144512466,63.22530612530183,50.23362302205982,6.843119066791329,25.30053654930783,89.95516448590325,55.94262892381186,Watermelon
80.44849913312717,67.8003780229753,46.1238377091489,6.594549441170082,30.488122999456554,88.58986391032117,99.57971178320834,Watermelon
88.82119130119997,64.20486683854519,42.884996457020705,6.110213937035274,30.783773546500722,83.67658046059108,79.5547690267807,Watermelon
95.11320331173903,62.9190306222409,64.32235973469237,5.583603289752103,28.591692140013038,88.63028779250286,74.06913558742137,Watermelon
82.35581557824719,61.21078704833542,48.30184727059551,5.732412678006904,30.792276106267785,85.21599512991122,96.66382061895334,Watermelon
104.18049513809207,63.859435875473345,40.1256375841328,6.1417351849573745,25.57989025321626,89.10797911048869,58.729199233818015,Watermelon
88.58180154977856,60.336735354689985,46.58409047495198,5.814797015918682,28.79279460082202,80.88929522755024,52.90838793604624,Watermelon
91.16735885558214,64.41328909015725,53.8701689568487,6.134314702700168,28.52601251379666,83.65451484653273,96.80731677160564,Watermelon
81.64714672732323,63.4678295805967,62.28206662069376,6.7058270631028805,25.472328278571574,82.95926348980288,85.85239693535524,Watermelon
82.52811677542297,66.23723399665168,57.97267361511976,6.594409973853014,24.80193096214073,87.17760544816231,83.9909062609985,Watermelon
104.92767472465552,50.83191912512939,40.57776671169481,6.059510649817841,25.190306270793222,85.58384477570222,95.86744507533744,Watermelon
91.74439191002047,66.89900754545208,40.00602186294666,5.752771965188776,24.243388317232686,83.28147180515069,95.40947978482514,Watermelon
82.90856370796963,62.128195534876006,51.2873984779861,6.9077023185487185,24.98015314029675,82.12027850502228,51.477098430574664,Watermelon
93.01805748894121,55.556657991293086,61.74764834725802,6.407411219796632,28.912725903805615,85.31910696881303,54.59251686146005,Watermelon
93.35056051176066,69.99010379417032,60.88073227115037,6.840188581250674,30.585810873971994,81.03041693430983,61.37241270323998,Watermelon
80.09364954069228,56.07020249756223,42.715185058662314,6.209190017952374,29.417019908591215,88.74505295038077,87.46085825454492,Watermelon
108.15756787335516,51.07796580787578,40.30449588541354,6.492007170754319,26.31481928177797,82.53501016105773,66.54435438468971,Watermelon
88.09388173677092,60.22872812603175,51.00371118060331,6.268642827064984,29.381708892003488,83.87130508971148,62.56538435710784,Watermelon
84.98601610426236,56.98948239065251,58.5451618811543,6.635057365167205,29.335243093473682,82.34028175306875,79.40431229273489,Watermelon
97.12068984730544,59.68532396219451,53.74947465959661,6.237685948935502,28.523650928592865,87.15505954621129,55.48140972017199,Watermelon
102.48877256447071,52.717723002551885,41.66569996025937,6.964119529332201,31.65593415096353,80.60436544940563,72.16267207374811,Watermelon
85.58734814899324,59.70689794268836,60.75443107498968,6.925917662114335,29.0740212276123,83.53905667211816,80.16627828222991,Watermelon
89.3600391832535,68.1964728166412,61.760011577645926,6.337347625419492,26.598391323042883,82.93389675582978,51.67089973525297,Watermelon
104.47462553075886,59.00766426078016,48.12832321000661,6.206665532496631,30.549903923637217,81.2461420770752,92.88279941209137,Watermelon
106.92526505325063,68.93415830067777,49.937199810565694,5.825710606056508,26.989126547733587,83.32912096231404,58.807695625143005,Watermelon
98.21800010304463,59.53248321017258,61.64252480810009,5.548164370723088,29.15094342044101,87.62948878511561,87.97432845941535,Watermelon
106.58221901286575,64.58067485658988,63.195251541192405,5.9989848997313375,28.025675334012345,80.14079663282891,50.34787936516456,Watermelon
87.2037986135456,52.0161439427817,46.50528419839384,5.765564941792596,24.228160198709187,89.09304146406049,50.41115656944458,Watermelon
102.08246433011256,53.04295773839033,62.80574054999,6.839193909384829,29.23120917095406,86.72234149800605,50.266957098484426,Watermelon
109.54614698340806,67.55665207151628,62.3776556432523,6.488866805576308,26.75829542923629,88.93648649090481,64.57584640755962,Watermelon
96.88134630026609,51.99461944687765,63.04889075331876,5.71115568665682,25.799174445843256,85.58134158128215,88.20465001064908,Watermelon
98.58053917808897,54.64267825600312,40.02357606318726,6.635725870461159,31.88165860728875,88.0991312030609,73.01033090783076,Watermelon
107.1130178419732,58.196953462367,53.123352106086685,6.215694651093525,27.5809909813242,87.75190769293906,76.33844536347459,Watermelon
89.50151366075649,55.163163353169566,40.943682924185836,6.374792742824569,25.839691323208275,81.48133922016383,82.69149819138389,Watermelon
100.43627773464647,65.04309784515331,52.589422408464785,6.84108190780583,31.490742027185824,88.07370939792489,81.77967410040935,Watermelon
89.11162860773567,69.65889843240443,46.85340417979846,5.803985382985647,27.537232910292662,80.56840570712389,98.92472323358953,Watermelon
97.65300669249274,61.13904183328351,56.394906997492996,6.24553547166581,24.25650813675633,86.12311288840397,85.80869384782153,Watermelon
92.5024718187216,65.14591144142386,45.67503248346051,5.831914886599276,25.29133590150059,83.71994759789162,92.35060176945419,Watermelon
104.83736186447193,57.65648415927008,54.72796839950591,6.581224474712373,25.929654197024185,81.68141085894747,98.60479966061556,Watermelon
98.52671939628856,69.62831443667328,48.443899678305726,6.554547549961198,25.780829092329903,82.61200171273913,75.5951060634812,Watermelon
89.58854376524214,53.352431276811686,46.57201754973315,5.553622591698797,29.635388971819893,84.92116657085862,54.71215332022628,Watermelon
85.15081979385474,52.05069076225288,55.31482020689691,5.641315545418741,30.03425866428173,80.20510919320391,62.4687893997946,Watermelon
106.72000027675722,64.37062636244492,41.824208323142194,6.73168915672777,27.94428097232164,88.46783027168829,80.03698872251967,Watermelon
100.45499096098575,69.87003120791417,45.808388648100454,6.435918362142083,27.682571120459187,80.39451952922691,50.723532075143254,Watermelon
83.57685733453576,62.98183481077096,54.17907719783481,6.330144341745591,24.25485410022608,84.69302996360007,96.23114089212643,Watermelon
91.9277560793194,62.49844939576913,59.495466890578584,6.6758879187128315,28.15424065916217,88.57951945402337,69.56890466818734,Watermelon
106.66079644354394,54.804543327910906,47.00541017476428,5.579680936298502,30.364654692338263,84.17055236232706,61.45583069556995,Watermelon
86.95370832849738,68.02799882458467,60.84791501152593,6.330296328035775,28.92888640332577,84.7432557055029,69.58332714394044,Watermelon
107.46430643654995,52.512254070406044,50.461169742905696,6.016842861981813,27.985205762009187,84.57631874545174,75.94447658255407,Watermelon
84.19756931680982,60.26283003026554,46.06047034718027,5.776497023482287,24.51867375028953,87.6265255875614,71.37209604282799,Watermelon
98.79931049935274,64.55186686609487,56.98291663283884,6.205751078634523,27.10318823161384,83.75959909640663,82.00243984650282,Watermelon
94.8438306482562,66.98264495977021,61.867549608167806,5.755840567009778,25.089869212365805,86.30400926035999,65.06128740311397,Watermelon
80.55712156295297,67.7728533872591,45.672519181095204,6.893920977528714,29.73947560702603,87.62653489911484,60.07307478965802,Watermelon
87.02583276850439,60.42535507648132,44.302496316246554,5.958147539024548,26.571699823582435,81.59629933252764,60.25914166975804,Watermelon
103.6565552602477,53.34391709094537,40.71143479609806,6.4440324139434075,31.8078649551396,83.31213814623122,55.93278515981262,Watermelon
97.11161976102592,68.12708422191292,59.60154449571197,6.433773802619074,26.520451972860794,85.4188017327622,54.56224206521277,Watermelon
100.3683627284201,64.50192037795301,64.12579057274797,5.890596038117607,24.14765135234418,85.4560846442715,85.33952521984072,Watermelon
103.71222427648964,53.87477866049621,46.54382172592559,6.268886387900944,26.644806479760014,88.60511486587446,73.68800768693602,Watermelon
103.98735932306009,61.612395209647076,59.327253540427805,5.999009479795486,30.65133297544249,82.74572315551022,77.30494040016454,Watermelon
86.42021339521622,59.510530432523865,47.95438023771758,5.900055145955822,31.7358801442243,81.6007410548673,89.36629187286977,Watermelon
109.52494878449644,50.398029674801556,57.47568535105238,5.8793677083344305,24.323902594626436,84.0288957895663,96.76089050854375,Watermelon
80.35295283100993,61.757713838595635,52.53491196488311,6.810076246556571,24.672013716165004,86.8152602988665,84.00548492166386,Watermelon
100.0724005058685,68.84668989870073,60.57718822517201,5.562959089365259,27.768662805636104,83.97953056201334,65.5073610545401,Watermelon
93.54010175462292,57.68388369851955,50.80834749696663,6.968892798412964,24.709063797996645,89.2223086983873,74.01183567355133,Watermelon
98.71226736498623,66.60365933235389,49.01157572873139,6.145632862131951,27.27614784222971,83.7473102253576,96.27646608234474,Watermelon
104.86789673579037,52.17999979725952,42.7030838119274,6.1418042722794866,24.789259013862473,86.1909309527112,57.184580363086695,Watermelon
95.67119791900403,50.14439894007435,47.91490871031617,6.515786085508983,27.872311521822787,89.78269485998987,93.70518980331053,Watermelon
90.77212337129454,50.90973082944549,61.14065750287547,6.866851465472007,30.565019147352295,81.27949940919765,99.89575672061439,Watermelon
87.75752664658322,64.4840982561674,62.70087190839304,5.853530671496064,31.26606843741653,83.09481579194868,98.82066111920281,Watermelon
88.43780061141423,69.0687164951567,41.33861627231687,6.563908017504719,28.25688907069603,84.7787707712273,61.174715712792,Watermelon
101.16787369329475,53.81618982892614,53.82104489961921,5.879868044560376,31.644971038250848,80.28631193835653,59.98641400556183,Watermelon
87.26931819162343,58.28135651535633,45.81825604675134,6.237023635403178,30.97972418606831,87.12063421409171,78.99809902675555,Watermelon
82.67009533948038,63.87984216778551,44.16035710777349,6.679551078942547,26.000454068081226,84.17048728320901,67.5235101158964,Watermelon
105.76441744024571,52.53088917426816,54.14112205961972,5.713092414164594,29.63836668905749,89.05078127794481,71.73038269336267,Watermelon
94.64276780794927,68.54845672965524,53.024784716233924,6.231397657074341,28.626632821634434,86.89229736362952,55.34416875435157,Watermelon
104.63331583224549,58.71010054906519,41.80871274743714,6.679274003797319,27.015599773490177,81.00367495095054,81.68895197716253,Watermelon
106.40394060300925,67.75507018827973,63.94158687022433,6.801558189650033,24.0171273547638,83.8024116641339,90.92712899527515,Watermelon
90.98759017995422,62.030970127594124,55.1579236843633,6.0475379560582345,31.2357914182503,85.03228345386117,73.23921029687504,Watermelon
109.92541236985687,59.87000728145233,44.45995629821453,6.269604134295157,30.51213388415944,87.76860326898282,89.42908825542355,Watermelon
101.24071351993734,55.084356581333765,61.55210214600579,6.840165198064398,25.55322157294839,81.30455636551395,98.78024842945561,Watermelon
106.04971890951103,67.86472294419893,62.159409615609874,6.312530236050593,29.171213893326396,85.45362852133641,52.560317459516455,Watermelon
102.36509256058318,60.10664066671761,56.192726869755745,6.253959707463303,27.93449057857965,81.71789109477767,63.93568575705745,Watermelon
84.76558075831868,53.91332591250685,64.32443451050761,5.729670168658298,26.15416339444166,85.90589657738585,80.50892881183209,Watermelon
84.61922389231488,65.87434851570424,59.630071697820625,5.855976556305837,26.309330421403683,89.37987865459498,91.2835722989739,Watermelon
100.9339109918757,51.64466443021201,50.4566020225644,6.33895280811524,25.499290303870215,84.48226582108225,80.05129387443449,Watermelon
89.82130040346198,65.61889637900974,61.01123954097014,5.985414204151106,30.709257235939656,81.03576566103015,91.88645493113282,Watermelon
84.5825129500285,51.658543050194524,56.04438511102528,6.207906048632942,31.263124803302663,83.63189196090849,64.35761317188144,Watermelon
95.02204718432596,59.11892371537323,48.61070115542971,6.540611948047493,30.076494671311266,88.52983969030137,98.64283023551715,Watermelon
87.99968576397514,64.32186964979923,49.85645588739363,6.515622957926662,27.807853522793764,89.93773102767932,86.4451067895375,Watermelon
108.57473901302973,66.69939098962371,62.572525279084275,6.721628795822013,27.673273043007292,82.51788453346884,68.5160087725261,Watermelon
80.60708697919851,60.47986334929334,52.62644500676022,6.287875697245733,31.79224979977651,89.1145400345484,58.0856389165054,Watermelon
91.06647564667668,58.47912358926524,49.0133229462912,6.69774394540587,28.192301358940696,85.72099816971625,92.65067794939628,Watermelon
104.17784460246077,52.64423045640599,57.84786460209086,6.153154193353053,26.357191224500003,80.50018820902186,74.36247801727255,Watermelon
90.66310042173595,55.030260793528015,57.366793239923936,6.654228080973381,25.958316152235398,80.49447436679347,92.43763502826175,Watermelon
80.2987922361291,68.74224987842945,55.69049684956765,5.982769952801981,25.97182327661389,80.09005664264475,61.773570850543855,Watermelon
84.13184904551423,62.24332441446291,44.16363971484503,6.292944756304929,28.720931378755765,82.98041698346914,51.75324745093594,Watermelon
81.11761641842588,50.526946643878354,58.478116678413656,6.3180097048142985,33.96300185967664,93.29519847152855,33.589943024898915,Muskmelon
95.38647807528722,64.26062912750209,46.83757164574268,6.121587349533527,31.560573351914613,92.98093286972822,33.27473941004112,Muskmelon
99.40840125011917,59.882514822825414,55.50697042752107,6.5442000021136275,33.39796371936099,94.11780985313486,36.025696754258576,Muskmelon
100.3670906257912,67.47119204545226,50.80678219470421,6.412763072748794,33.642456208523804,93.74766151112598,22.13020340667766,Muskmelon
106.76336047073244,50.6156620447528,58.70990890524358,6.758794142704313,35.5311108528193,92.16240322520696,37.90570582353473,Muskmelon
92.83521711881158,56.61265909719084,42.25796400747683,6.5626541196713095,30.790407256746136,92.31366337445307,38.3746852129125,Muskmelon
102.13859360758815,65.34556602107297,62.634329706560685,6.409470741888777,35.53072768622137,94.59628821524805,28.89504713071817,Muskmelon
84.77849112048375,58.70778792256027,50.04746769889917,6.575719305331204,31.83386232327748,94.24996095313992,35.29669844616831,Muskmelon
83.14467922822297,67.16582671106212,47.744114579629674,6.971297460306592,27.178601086797702,94.87475351669751,22.73035420647551,Muskmelon
86.93108413841179,50.93159884173083,57.627828665974874,6.850298736571792,30.340710818159806,94.78556622512728,37.70897215266799,Muskmelon
98.9002140633957,66.9083840340154,47.420005126295976,6.354265721327626,35.05951919194644,94.7028904881163,49.29448328602612,Muskmelon
107.05514949325013,52.54744072066722,60.59310715342468,6.409838478109594,35.90801355945938,93.41684289298641,36.615082475066615,Muskmelon
95.89324745770395,56.43474059716556,41.87555222232295,6.895651230401919,34.026758125262866,92.418580341679,43.303048140502185,Muskmelon
98.7753999815183,58.182875758352445,46.35052872738907,6.8597287835022325,33.00188259294053,93.64321972840742,38.287056016953926,Muskmelon
82.73198546246543,59.47839521822384,44.84250731964255,6.208383679008826,32.61303962286867,94.73376845550287,32.112698314350396,Muskmelon
86.23247819036571,62.97493874473308,61.779676158757944,6.74831880112249,34.687572305365876,93.6096640130324,42.55628733107572,Muskmelon
84.2019367807681,56.96549230726383,49.73872911203806,6.511295746246034,35.290763602568234,94.62288968066652,24.035764768675534,Muskmelon
85.1836895564739,57.152810991778225,47.26859664726685,6.614770953156262,35.02776047764545,94.88687462501775,39.608088576056794,Muskmelon
105.1447760420326,60.50404400461594,45.208173671500994,6.524688412093477,31.55082601437651,94.22737269264067,26.596489691220473,Muskmelon
91.04931146260195,57.28054938429133,63.98598989352912,6.443944960326719,33.550939672981464,94.25243414412331,27.96632554409724,Muskmelon
97.15609068115197,67.88605786637297,51.879942986423735,6.945117507342546,28.144582293241616,92.22247731732209,46.74361619434248,Muskmelon
105.4304359388665,69.8517975186769,56.98483720281065,6.936687926667149,34.26949025084111,94.53327899936026,37.07424711362805,Muskmelon
91.47093793750133,68.69116145086564,50.80292939039736,6.538819367249669,30.461143071251875,93.6944549418806,34.11515236976982,Muskmelon
81.43902675738428,67.64096372015398,51.10984547289424,6.588943648507349,27.39187802757987,92.01016354394791,27.35870280930929,Muskmelon
101.1375809640005,51.983890602257574,62.7221860096617,6.215022569356185,28.045936142917757,92.54452388486449,20.419451389140942,Muskmelon
103.15416405434704,67.50069062490518,55.354067565404975,6.188199981679862,28.852779969408797,93.42778009209489,48.63037854869903,Muskmelon
87.42054115453229,64.63291807839776,50.98620558232301,6.297847348360022,30.55915937022114,92.2136201526237,43.96062112791087,Muskmelon
87.29905783948901,64.5082424638594,41.708709286204865,6.955098556165686,27.930149854056985,94.64822622862124,44.284196288463036,Muskmelon
109.03579772244248,59.557813218914994,58.184932346148784,6.370710657037784,27.843682380196938,93.32922779880035,24.972470461653646,Muskmelon
109.46133868359152,51.92492982281433,54.73029308631551,6.626463855254056,31.38079542874054,93.9865576571355,23.485423250356728,Muskmelon
96.65055572615873,55.74425142254723,63.50440158252641,6.762071653439726,35.725144821597425,92.11266820922057,28.55399525542126,Muskmelon
85.86267759915047,50.22309174623661,46.05814325615803,6.678775983520429,28.310889221345686,93.52701033644786,46.634543448949955,Muskmelon
100.81273761047225,57.89258139812064,49.31172347280271,6.455735814008484,27.770414410599063,93.90200230224796,30.924584573138166,Muskmelon
105.5709604778613,65.13105320115633,55.262829102304,6.364202222649516,28.099318316734845,94.32845559231687,34.5922729697326,Muskmelon
86.74250114532073,53.903492300800124,44.13502261253397,6.777161196205595,28.289871853003117,93.5799267905756,33.546390829191694,Muskmelon
97.38832697684852,67.54309800742388,61.69368475204327,6.451076071824859,26.15366250734723,93.27933141714291,38.185806122724216,Muskmelon
96.73294277294185,63.02672211600411,43.851893311827084,6.646535098780733,27.826516187437722,94.25157194209025,30.172628397880402,Muskmelon
101.29686300144361,50.95731197812214,50.196500639772836,6.7050345222633325,28.26870516331494,94.38586113439166,38.92339199314796,Muskmelon
97.62685316449395,57.07097708408674,52.06128675952794,6.597349300977853,30.724621139148905,94.09493997182167,33.01090799320879,Muskmelon
86.06819545226091,54.278675656020944,40.14509422107353,6.300957715558672,33.4891764047852,94.38248812651283,26.0740262628725,Muskmelon
108.77131990614222,60.048055869602535,62.92446872546257,6.706765281861631,33.22433423022413,92.25513086391821,26.59973380690792,Muskmelon
80.26444499883418,64.32255280953476,48.61095721071275,6.786652516076347,29.38936219937026,94.45800125689658,23.92094761244939,Muskmelon
85.20119470272525,56.81753079167873,50.21218472205683,6.348702810842978,33.636470325232196,92.29085417788015,30.53651058915464,Muskmelon
105.11719998546378,51.33594154524344,63.558587691783934,6.9863168422720126,26.885681738250803,92.87381756676722,31.172019981060686,Muskmelon
103.29174105958178,61.918536242334675,56.10914251231418,6.7575098228185055,27.179789994370257,94.49962837073079,41.168594125404326,Muskmelon
97.3202517558911,67.79470669566113,57.50765884709518,6.201699962631025,30.297453810756668,93.4821286008072,21.65652880251217,Muskmelon
108.63912540080167,52.57154521593757,57.43653168066817,6.50623103609088,26.256322498844227,94.77424242759308,45.555104264567994,Muskmelon
95.72773783711506,54.5788467227889,43.040572267002354,6.363392479432127,28.554282810460904,93.5200736030189,48.992278883702866,Muskmelon
97.24860479688924,67.79862111780196,56.27197093739443,6.475246526587201,34.546075627333714,93.414104330519,46.05884511531083,Muskmelon
88.74730308727295,52.57626147525976,61.38286160907346,6.587415163792667,34.8909239824896,94.81348162097714,21.608851711143476,Muskmelon
95.02907905576605,57.49929098149059,55.646459926752925,6.793591197202323,28.805902159743688,93.67039515311951,41.26185739714698,Muskmelon
84.03293248507202,66.28133811902534,55.15273999632433,6.949537437113651,29.395289191306933,92.3244378270116,35.19503603110776,Muskmelon
82.57432315128317,69.39053046648013,40.96712395642979,6.753503901107308,31.251023981422442,93.10586195749487,21.975264935259638,Muskmelon
98.66500772520823,61.70440658781911,47.02208182668999,6.910221701410312,29.041100073428368,93.34917623177631,36.31287367755967,Muskmelon
83.00695634528859,68.64323438427265,49.36340381127603,6.080779213874344,29.8729117367533,93.80060764127774,35.40958015463988,Muskmelon
100.83625922111821,51.10967884135821,47.113515256801406,6.819230576840102,26.798936877913608,94.56645786408787,22.75688276231319,Muskmelon
105.03362644675089,57.21576802157453,55.3052265814304,6.1528871156479985,26.66168721725181,92.6478146120604,23.835614537260867,Muskmelon
89.37217693038895,60.2876649302204,54.71898658912524,6.789868107379743,32.56239893248359,93.82627497538866,32.35346082457324,Muskmelon
94.21425304880415,58.29041658780362,61.05415075153458,6.2300004525484,26.057209315419648,93.95395969167872,26.073865509164943,Muskmelon
106.70345408929428,67.18092659413313,41.91818429820515,6.106388405414077,30.95171592246666,93.82766798830806,28.24725012446722,Muskmelon
101.50393150098111,61.89832041837743,48.12060274371387,6.025371488042316,33.50150281298518,92.64426099747524,45.03421230387885,Muskmelon
92.60870780162766,61.54154885263531,61.82371826022505,6.8636230009199535,29.715195752435733,92.62666667814453,43.25438233185784,Muskmelon
92.99240610806393,53.84083987118008,62.61063355792875,6.198104194241087,26.258071681912313,92.06083992130226,38.669460693627926,Muskmelon
99.85025182152592,56.22083410113968,48.00027473117659,6.3394939150599425,32.80158546758879,92.17440137308049,47.87349058073977,Muskmelon
86.6756313253234,69.99346410484185,44.288067344679675,6.771546457312377,28.23412544929625,92.24254040492976,46.24799973051947,Muskmelon
105.76253777572676,58.071407848992024,57.55990356351067,6.557065932683917,34.529561136737485,92.94516790795596,35.71017199996955,Muskmelon
94.56117113613651,57.078116525137176,62.286376613909304,6.165877924662535,27.49508639520696,93.73072860596825,39.72482689954826,Muskmelon
85.83857762973696,57.81434884509248,63.66409607446859,6.246617422690674,32.68360702117394,94.22044818109278,33.443860983954785,Muskmelon
108.12577960278749,64.73313470437581,51.44811449652245,6.569335201776094,32.926134434251004,93.77657054128765,46.360927514782276,Muskmelon
90.70665986841203,55.997714801116096,45.34597223738161,6.037782968064596,26.430139643800555,94.61016557932786,40.35179439217722,Muskmelon
99.81597246309458,62.29285637869772,61.23047861735262,6.480266925665627,34.704108285583004,93.07833507854671,47.80122513017272,Muskmelon
100.9597094024372,55.14354272048855,54.102123042215624,6.533030561488255,27.37898821730334,93.77372871725184,29.44356871150874,Muskmelon
81.57046300428807,68.9731231541313,56.03725922660719,6.876918931870847,32.76056005013253,93.07095107642034,35.380642169864345,Muskmelon
100.27240281041531,69.20504650402876,46.341736478042414,6.8749770586241175,35.240778052942694,94.01124654397687,47.937998822040136,Muskmelon
91.93635762432106,69.06032352080885,57.569571929149376,6.042005767418812,35.06872831819053,93.45341842709958,33.809809543334985,Muskmelon
96.99399817938902,52.98769093542456,51.72915121418497,6.8311272167177455,26.154824591375153,92.81875148097312,20.073637593315325,Muskmelon
92.47133927449545,64.5663102098747,59.96929572786571,6.945189761127007,32.08504612970786,92.76388059995868,47.724438474100964,Muskmelon
103.25947261641129,61.48856966006289,57.3910053929734,6.924316355007429,33.123940284729215,93.1051235227542,41.3908460686729,Muskmelon
81.20834488206164,57.728311236611624,50.158075796139485,6.166838234420835,26.2308548055177,92.40014370991322,39.63864487391165,Muskmelon
104.06866449091063,69.76406985453949,48.659087577712356,6.599379222261102,35.37144966815122,92.50112534401445,41.52936759028228,Muskmelon
102.6493619944749,51.77951071738677,61.53123462957663,6.813105047110843,26.334030065774343,92.27325324464016,21.47380681675557,Muskmelon
90.04230595398087,60.18577981359852,53.30869319886572,6.267666759769442,35.11596886560274,93.10478836961573,21.366504678960574,Muskmelon
89.00681334624159,60.62218845088311,50.2055455647058,6.273842519099259,27.313232497643174,94.45749350028869,49.88435726372576,Muskmelon
89.88626400571647,57.63242088353208,55.45093811692392,6.718441474735541,29.920295348035914,94.71478855094544,36.80011967686755,Muskmelon
93.51170229217793,62.9334550631981,63.82009620622933,6.794552294421705,26.400131305351245,92.99692973221988,34.116340548536684,Muskmelon
89.43552716627316,64.00375121660913,60.656728746564525,6.731345095185271,35.893332868282755,92.81764294367909,46.24968485073265,Muskmelon
102.99867995523459,57.24357515116292,58.35311359142422,6.104075956418247,33.893334823405525,93.59699180776131,28.768705181277596,Muskmelon
99.6733190535254,62.83239997428818,45.237155567989994,6.030397414811526,30.336225869016737,93.70853560803326,46.29815835111795,Muskmelon
107.84650386942783,60.57610436313533,58.845087094213625,6.439303272327997,33.46082156572893,92.6144045748175,31.13194204410594,Muskmelon
99.02683996440845,50.363159312141576,58.061532758473845,6.835535501268167,29.991416610939513,93.3438272515315,45.538466366495925,Muskmelon
103.269639059781,55.762989780667496,48.09940266403847,6.678878232390597,31.63198092448161,92.4866887132895,29.29789727687499,Muskmelon
106.99949830635963,63.76348873444527,64.64935794213798,6.76701252998077,35.4197443214359,92.64856572161142,43.14454624450777,Muskmelon
80.60652560443393,63.41520043423068,51.73205695300604,6.346760071920069,34.62404352293089,94.56280307797259,20.66905114695931,Muskmelon
98.28515367348294,57.35664448641913,50.39152503751123,6.832040739218776,29.098397715276782,94.82914643191286,25.38901479116422,Muskmelon
99.88167270104533,63.44210134027529,46.30487903569796,6.324750608967202,34.3479849257994,94.28541576486485,29.87287640944279,Muskmelon
96.01869640804802,51.23360592506191,45.21864705996573,6.485820558860399,26.859737352792116,94.52999706467581,41.54018630322943,Muskmelon
108.30901011945484,63.86933811928054,63.510034306554644,6.554512555690965,32.0021861106197,94.93091316387878,39.26387440592781,Muskmelon
80.92359706582239,64.47605553261047,62.63671730343539,6.795580249794327,31.838332726254226,94.01391053928054,49.70575367755015,Muskmelon
82.71986265528015,63.344896572664794,47.08494236426485,6.64009039658617,32.07623575883939,92.46037049632449,26.202399372207175,Muskmelon
98.6488873412964,52.564598946075485,46.629521878258075,6.835245547738002,29.270915060016385,93.46418046880899,48.23421005437521,Muskmelon
35.678727220923655,132.7925203471602,210.16144438858865,6.633008394255958,16.819840640552464,94.57736493786757,177.66400743726228,Apple
35.70827091483276,125.49618660085132,204.5943482588906,5.712323276481735,14.524651769259577,93.30565293412859,104.39716416214549,Apple
50.91484447827378,129.97486532582366,205.80567688727606,6.501900603183614,11.15302544222704,92.20643901399971,106.56279953357404,Apple
40.036088731500094,140.29695786439967,217.87940842966495,6.120245705595058,11.083029922548945,93.51313553161826,194.27720011052764,Apple
36.67652350598401,133.80288413075874,214.89933108880751,6.4145403540610575,7.327036127567457,93.13866367781132,118.67462845973269,Apple
42.7553983519601,135.58206535320878,216.90508405562463,6.1937414110186575,9.35330906683073,91.15483174108016,187.4251876684336,Apple
34.27527136045571,133.51737121766288,199.67932787317366,6.659956060171563,11.692471679695428,91.75571845278407,136.10996406264667,Apple
51.305355168074485,136.07547908588876,212.9466962782816,6.845557774376027,16.820900112487706,91.64254527168931,195.24512631463853,Apple
30.621897050365135,132.53671122032333,217.39497143772104,5.911955319725474,9.27697740385582,91.51311142540945,161.23133848469223,Apple
40.958319390358845,139.53469672706686,217.37276606411666,6.511299062414291,8.453600642370906,94.66340951180251,126.44928733474785,Apple
33.747357383203955,126.79934557721921,209.08459351665414,5.670643693720978,7.665310609351569,91.50015240297748,128.1653009684464,Apple
45.105987758303556,141.33490558945363,214.0337414050723,5.893726682074715,8.943725975831759,94.82895765053483,100.82362415919602,Apple
51.99301332650539,128.9945703824481,218.6821080772442,6.01346092724128,11.284221286719028,93.5356030697219,158.76690514732604,Apple
37.94848324267057,136.07661831735646,213.26767210907215,5.563502418853738,6.134391663068449,92.29033469536445,113.18366178035141,Apple
46.60860728661786,129.28104912454867,205.82127766989177,5.796506405311403,12.581803028989494,90.58026729692284,102.31068527874802,Apple
31.27829095266743,144.0851688303062,198.55715546527338,6.562717379705253,6.815114450673915,90.54080176117591,150.88762514093347,Apple
41.62177325385859,144.03160618879738,218.62088632551843,6.669412963813698,13.225221961528197,92.27480158696505,135.6178534328421,Apple
53.67718867438889,137.05817622849372,209.47681319214985,5.847851682653372,6.560373814621357,94.72594289879773,131.37352588446538,Apple
41.06472558311147,127.29279887171414,215.9231082477323,5.541447749283896,16.007889145189157,90.70142506393984,188.65641126311522,Apple
48.24431593340394,128.2934052501461,209.1454498214867,5.9689844715328295,8.138797186939001,94.29591099705554,140.35227665072296,Apple
39.963592859134565,128.3977334961324,204.57664190214447,6.807425269493275,10.357544525875632,94.75801781249893,194.63088992083874,Apple
33.62246648268365,128.5462250704529,216.56685175829722,6.089141378387079,6.052487787396112,91.36935909852686,159.762899319556,Apple
49.981649148999196,127.66777234186519,197.7635341104184,6.883138980358497,15.013780413870991,92.94889800389039,176.9186789995928,Apple
40.72135903266596,140.16911494618253,204.2950747818634,5.866141858738904,14.748161055515624,92.09836146078634,198.13771043261949,Apple
38.737129557702524,143.43454841062132,218.324063714177,5.8627794205971195,15.57865417905616,92.16537252572283,191.7524727230348,Apple
41.25310681588097,139.8860743467473,206.67418522909495,5.841701133569284,8.392201547336235,92.12715597128172,175.5494657014215,Apple
45.12678712951917,138.77258579801088,202.05815876829857,6.2221530189364085,6.5327431796319235,94.0876620797906,198.98921622398746,Apple
40.171976565616774,125.21927306263086,199.2448159887737,6.478790316625628,13.34495181844631,93.93932359792773,125.38840109610682,Apple
49.09079788867835,138.7596804304734,203.0703624428461,6.318232222085443,7.767285701979921,92.26282251717791,188.1197339555641,Apple
40.52978449563477,141.79133412950844,209.75633413149237,5.7878150696535355,12.973274936374757,92.52991664578532,139.86413351963841,Apple
32.99076098790176,133.3341732769446,196.81905940599069,5.648153577098127,10.990998395192593,91.52690740984232,192.55443258622233,Apple
39.392645134506765,140.157162441442,208.25618815915607,6.556128502963503,9.12139179618479,94.70952486419165,153.00884969144238,Apple
50.78310178213124,132.30091386952228,197.50528372626312,6.510567471581274,6.093115780049094,92.37646488282755,119.28019026664592,Apple
45.68438761088405,144.58839746275703,206.61007265801615,6.7262473847885005,12.093410243413452,92.47920015552012,193.04234931787778,Apple
52.249146718667035,140.71600930375948,202.4063938329196,6.317512623585911,8.68676679966822,92.2195834902327,148.42130657597906,Apple
50.79100100423327,142.92056730649986,205.36550155991193,5.526556667609856,16.341286077472255,90.8713933925068,162.18819638903935,Apple
30.62427251085328,132.99012950521129,219.64900755288375,5.651040401655704,11.084317823995708,91.53574975094976,190.50881233882643,Apple
51.733502697683875,129.75397520612458,197.0296946762608,6.440707591091677,10.036424542604518,93.36042195303031,103.21197560678145,Apple
33.33498087943723,138.72744465545287,200.30926638256244,6.786381513643603,6.703090652521626,91.07740991392788,199.85602484850688,Apple
40.826902564669815,139.05931327089286,199.56657622142535,6.414803102478307,14.713272820433023,91.57238317933255,182.88971119758776,Apple
45.085439461807084,132.78246019230062,208.94105983357898,6.365141271153886,7.986423512326392,92.01366184933482,134.34305880194933,Apple
40.02256806447815,140.22221176970515,207.06346018666682,6.910474229858897,9.524116960301235,92.07851789142464,178.69568104790415,Apple
43.65061483301876,135.94056292848896,196.33350407512958,6.097899494077684,9.24880478906079,94.99667561415558,130.83550706323103,Apple
52.112413369846585,138.52467470080956,203.52291022980225,6.315301567561185,16.086430559390326,94.41684149015455,116.03938750061452,Apple
38.48932853020424,131.70446360427144,196.05111990189863,6.397356639777845,16.257840635906255,91.90787193912759,174.0035944984177,Apple
45.6925103400185,132.51297470986,198.52649498730742,6.563985779163951,16.254782027294887,93.42927246200746,101.7878484034818,Apple
35.40582235977478,126.38959969767063,209.25965248940568,6.6347165182606185,7.326950244823913,94.19168910296693,155.55089783954833,Apple
47.24922530354313,144.42803697217292,197.09202470619243,6.851836034466684,7.513232351848911,91.96479403318341,185.14386963311142,Apple
52.65635591844671,135.1274334709029,209.85261595688564,6.562221001897836,15.99310402143257,90.60755584768833,181.00693082292275,Apple
42.03190376279042,134.0124685021634,205.59749379992496,6.263817377869064,17.340606640735242,92.74101886396076,195.31775382631392,Apple
34.507253265391014,139.48271957665267,215.3059884652187,6.518693247002293,13.283067362718484,92.8240639054309,186.0930482578696,Apple
50.5411649291125,127.445774423612,216.21469142577195,6.121102929160664,9.044361959949729,94.34884284006964,143.20247996337417,Apple
50.20911725442042,130.2680722391169,195.09823303555544,6.2431887893544165,7.202739079714611,93.77187977762455,127.60751360694104,Apple
41.09114116508697,126.74067130183109,202.16648121118132,6.672235364887857,7.819054942827833,93.23579780563479,191.7425852804501,Apple
46.99591899394301,141.22043378584453,197.7242907325979,5.8760977390030815,16.734466226887093,93.57552806809045,163.95538263773113,Apple
46.5941684030425,133.28401108609287,196.11391579044133,6.676662313106093,14.144558834584245,92.36402232056362,189.97596153682576,Apple
38.40399162462747,130.88643488462472,216.81990812698606,6.6954814821384785,12.179757727780137,90.65367369728925,121.50714714650525,Apple
46.405699760220166,132.70082475680823,215.91182979164927,6.924932513998306,15.667643103299019,91.88772711497779,178.8686429231424,Apple
38.78604183676708,128.34200175531268,195.83483012164643,6.078575069141531,16.842711644367384,91.19493293877838,120.6513164929784,Apple
54.245519631026006,125.50008225701184,214.64455375984386,5.982054933611305,6.449855482435912,94.58901270104792,113.96423302095836,Apple
43.794482093142385,130.48108414859095,196.62982005461728,5.5748837284950685,7.3866803860360655,90.3568350694469,176.0558115519923,Apple
42.13915505708573,131.85784182697958,205.45922275330017,6.893420103358935,16.929021752857764,93.57838240061288,188.46823774216878,Apple
37.99120068969062,132.62218652016566,210.3428045463557,6.435438920945896,11.78039805614809,92.00328924218977,198.61803116086952,Apple
50.528090652943106,133.6996039577609,213.18231193098921,5.904342539878689,7.202031914847959,91.7621551277637,140.29728001233943,Apple
30.41342811401677,141.29584003271793,203.97983505972954,6.37062724867022,6.887558247251471,90.87498414375293,188.96937253275598,Apple
45.217188197070016,144.0056810034097,219.96875085978292,6.057790172999642,9.585636768999295,94.29178027579549,199.86114270374543,Apple
45.74103085581143,140.90281445023044,214.54364647038187,6.033009562329321,12.891244563085046,94.16528470632107,168.81138762610556,Apple
30.529095349550957,131.73411337795068,198.61189241486514,5.849458318117058,16.86587372989591,90.18446644455383,121.98007119619237,Apple
37.739233805955784,137.3376814393279,208.35254225214663,5.827404224280079,7.9708928066778535,91.1839901729806,150.25296267016557,Apple
36.779444642780085,143.95205003215443,206.5966305357212,5.588194024816955,14.7511968700396,91.64422644104495,165.34889320582477,Apple
36.9898592630808,136.4148748346664,214.30381262018662,6.8920131126618305,9.133525733196924,91.6742847549949,146.42664202859396,Apple
53.17937094339972,143.02773713621315,197.24695700251596,5.697894738630716,11.946110127967659,90.53309636402712,134.55808733486975,Apple
33.70963445543694,137.7208071026377,218.73738579347904,6.995100655441572,10.502893589962978,92.99506318557306,185.62676535240814,Apple
32.936551819909596,138.7912882210393,205.2210915431267,5.809219240420246,10.833043424969304,90.37980143482459,169.54071485893058,Apple
36.318566718711324,131.22811290089757,198.02703245603658,6.796988670834837,11.921331351392864,92.860734388932,156.94326830948546,Apple
40.26232786353354,128.85059830876278,213.62831871246,5.690584398036512,7.246485483345726,93.55072518798252,120.88370204519839,Apple
37.669318783820806,134.5045493400348,206.23378291823866,6.562868687597499,13.481181521320332,93.22198081140932,171.40543306554574,Apple
37.315318185586634,131.44666623600946,205.94994369738885,5.9611932595502894,17.81925442765036,94.07025963210715,116.46546882560295,Apple
30.139853897046738,125.85566536494535,201.10158627607314,5.671436928755285,12.400057378710866,94.2899761136368,173.67502209132275,Apple
35.39022657705476,132.98598512051572,207.69735523828194,6.7153087742550035,16.06945923727398,94.54859155953888,150.9245250502875,Apple
47.35686866089657,127.23600742467875,209.13222399884955,5.873037714206703,11.180602620319334,93.1702525415336,125.69859378537811,Apple
31.304626444919027,125.20467712817515,195.55398838861305,5.512524606270654,7.324260678694506,91.19744357285064,122.12215141822992,Apple
54.66991485449742,131.12012210417888,198.18551958398498,6.318343816251637,16.2954894647701,93.39030188393838,129.60820891354504,Apple
44.040403994786374,139.2971194840082,213.20261230919357,6.499807682946534,16.449725097307415,94.35052729172052,157.89365594070034,Apple
40.746409227780305,137.831405911302,215.45530003426157,5.508478157261777,17.903964108178215,90.914468861646,147.0248985659976,Apple
51.80074337107167,129.500807980884,206.91988059750958,5.698873270271768,10.740915904658312,90.88567727396502,136.3627748771157,Apple
39.33660541981805,144.86341579196664,219.8703257325943,5.672179417990918,14.711625351940167,90.2587273983455,103.01920153371886,Apple
32.633347356124105,144.3097131401587,218.52158869736743,5.790891730421021,7.940068026644538,91.20267543257974,151.55469940751422,Apple
44.24261580088525,129.43186860878896,213.91556970224863,5.964329754103976,17.065575906352926,93.28361353228365,143.63511943036116,Apple
49.747800042571136,141.3582925209333,202.2620401402236,6.009571815754127,17.23146184474324,90.82370519181636,104.21504169629343,Apple
41.35138306523873,141.02419800487257,214.29170265776864,6.879295943369248,12.398407972428483,90.50032335783267,158.8688974336016,Apple
49.45989035883029,126.86656240539652,199.31643502743975,5.518435991733506,13.123830953361725,94.43367195972952,167.06633160020994,Apple
54.55100218977455,126.26067304999523,217.5750271287874,6.721102431080022,9.77089824599406,94.86763275918626,128.7937748171415,Apple
52.23261809570546,142.61497154148378,213.9414404150743,6.345205710719278,7.440032995402657,92.65985867248249,135.67962556549344,Apple
49.8054258288838,140.1625841299369,217.76531268431512,5.5222452436475615,15.709238601876553,94.69231026562335,178.930044910815,Apple
33.25486149675917,126.62558209681775,195.52113099519252,6.443117838742107,13.556071822318648,94.93456857109106,139.80431741040957,Apple
38.297657122437414,137.48849854368785,215.64021681268986,6.905160924284503,15.637489994148464,92.13336990307903,163.4914235312064,Apple
51.407483167902924,134.8121937662348,200.41716609263483,5.75458515962181,6.001892934936681,93.59118997490643,111.10972088459906,Apple
36.09597749239851,130.95752663045587,209.0094965034192,6.096935915943654,14.096087904277942,90.27819329664351,112.39391942644394,Apple
42.48028758833167,131.7392957569366,202.395334068784,5.600542118556284,16.748630096976015,93.45909293062526,112.16181568196494,Apple
16.30091915474281,29.623088001468645,20.21758825659257,6.626184106640612,27.61384832604628,87.56331786480159,177.99622023887792,Orange
24.557546113061154,21.44824137187272,10.165421264033505,7.389835672712757,26.826463027111544,82.03153937189968,191.96034194214366,Orange
33.29863803540593,29.837762465491437,23.110848447084685,7.496676581730097,23.95748950498618,88.42249585199234,182.30283087957645,Orange
19.618807184414674,16.47656323501486,24.691307705163993,6.444036827280915,28.96713432374245,80.04127154674605,102.10248072196022,Orange
24.317426173927366,18.580720259025952,20.347619251539463,6.848346488351932,22.619886379603933,81.62628296315717,138.80492700584142,Orange
18.712081279108663,26.883335208658927,16.2410535332992,6.140147800263749,25.874743218177,80.90838181061415,112.89373054198171,Orange
19.792196640564107,27.892915578712348,23.86918798499458,7.239386593998104,24.672617739342776,82.72446441108832,154.91556907902392,Orange
29.437063210662245,29.900591822402625,11.973560678183894,6.0739379985357065,27.554847111962168,88.32225783503905,184.63487798664232,Orange
28.569270981543212,29.310237061787806,17.665071453168803,7.3707221975043185,29.742497095932183,88.47157457003108,130.97585632586205,Orange
18.924313023405904,23.221800974727277,16.795221255702828,7.316637513289099,22.80025336853723,82.57740061311519,175.17989445187084,Orange
16.899732899546244,19.811466210325502,15.807330910809746,6.933890694844035,23.265061165754915,88.6060449034971,144.75422354662743,Orange
33.340434237611134,22.018048704508974,14.125603884111001,6.212743243031512,22.02996075769028,85.32157484984836,110.71566969269234,Orange
22.834555272623565,23.839076418556303,14.135288453540504,6.262836438549173,28.19777298087473,89.46791172281621,110.0440417861966,Orange
18.111806487700157,29.40018985879078,10.566763327183693,7.466448504825708,22.03715586467991,88.73668655651332,130.73251809877496,Orange
33.771777163545934,19.754179329533784,19.81459482301084,6.120048854648905,23.938638491629913,87.73679346479251,152.86858536788196,Orange
33.559381235740894,21.431271125120315,23.047185487208846,6.6734331562173566,29.83398622961588,89.59834381398876,132.91367055560804,Orange
32.71847340833607,27.71417061323474,13.160205959913442,6.936435601174905,22.58145852471852,88.36710720583461,117.45458835034965,Orange
16.41629402771529,21.003286433082167,18.653832078994654,7.282375437839656,29.793940204173893,84.39492512569863,106.04469229852702,Orange
29.98231158051741,23.47759884335906,16.718370172666948,6.463903318188285,26.019188222748284,83.3867960445703,175.70118677473602,Orange
25.87787392985282,28.15271661231168,18.153158719741633,6.357393620009895,28.808735057857156,85.57219044930044,120.68410381435612,Orange
27.470156199124443,20.365751474136413,22.666084184380985,6.679949607969814,27.811530864859336,80.95536207636238,139.60243463023463,Orange
34.664828729447976,27.126904342157225,12.39911203550393,6.416646074215882,24.638526470850888,86.50365560495446,175.69947594896556,Orange
29.990532176158197,22.64811084459604,22.16230806757227,6.655617124136213,22.991044522364497,85.64441841653813,195.23013846011065,Orange
30.859873027850227,23.680509715383636,19.702084905236454,7.395843040553359,25.426742355479682,83.31394138942638,197.7241565000449,Orange
32.26886267020667,19.845653769279036,16.95670896041384,6.622617193511699,23.19276542937147,89.5781932381326,140.43124312197588,Orange
32.50658165275816,17.840343415209976,18.218062159558297,6.035942077686404,28.113763870738467,85.80913898246278,162.55895834697526,Orange
16.03441765109307,18.16557495312923,11.114963085303703,6.4333714737057175,27.019512061457206,85.66185984317376,161.21498216133904,Orange
25.985025427557886,19.09543193513789,13.667612460166378,6.205589525304872,28.792566999227937,86.16479358541244,118.65110125040597,Orange
18.54418759642479,28.09553402289205,21.14096295644979,6.989098619858057,25.2549128603144,82.61975564278518,197.94507631128238,Orange
30.944791500456006,19.526688347044146,22.71347194417742,7.138397922922023,24.376644399023988,84.26552854241639,118.59534453910267,Orange
17.221048887562187,25.84143049259545,14.012677860307999,7.23008904861938,29.964869692115407,80.76619813929649,147.30351250837003,Orange
31.041251186216062,26.834263448118502,21.39995737496453,6.523492402952867,25.63082604548042,85.9496835734147,197.39405835732572,Orange
21.550945418769857,28.847158315752864,14.040353772707412,7.483611698210557,27.362109494620732,84.63511480358551,161.33904280636048,Orange
20.450623380804135,19.112607862672,11.703318157652408,6.171075446558098,24.78137393175129,87.62855477896372,160.79711675981625,Orange
17.051691206620415,27.783547874638664,19.020514404850996,7.44128336517717,27.36148373928966,81.75174863704181,147.37833623078222,Orange
27.969951950944083,15.423970515749666,10.223653962322118,6.1941045008978515,24.013315480363765,84.29549123520675,148.74404737597882,Orange
17.760552178757937,25.10087368673746,18.94207092544802,6.44169614826174,22.109279067482337,80.7764791535329,139.16947755108396,Orange
18.07948702331368,20.652294092219563,19.42273906765533,6.8208561418189255,23.849407065099154,83.43822491258753,161.40311984486505,Orange
32.21710056086897,26.29820158108316,18.301000402501224,6.543439497474729,24.920410220334443,88.79417310264395,103.92435760405463,Orange
34.75965288840522,24.965631162773434,20.217065486085858,6.056996755957114,26.844234199130177,84.84778060090447,110.5778906894067,Orange
20.55844021538718,28.35471684320477,18.249826237989296,6.620124862760863,22.581457246726487,87.14121527402305,170.28508233960326,Orange
27.28087213945127,22.653939693309738,16.50676603311059,6.889906639481988,23.867163613827252,89.41259064177648,158.87945291802296,Orange
21.22384888708753,21.74519776327736,22.085271833153385,6.2424240910954465,24.342684979682083,86.79508022736556,131.54892064822238,Orange
30.85003363722932,16.95680230766041,21.440292556819127,6.102527572275849,22.100740901339957,88.98223518832162,158.13392169322987,Orange
22.036537941736228,18.488919554457755,19.25328674891224,6.763503275305108,29.93278220423988,89.83215986653745,163.50245661416096,Orange
23.857410122117813,22.36711453701993,20.237185993552927,6.152361816353072,24.626816590485745,80.75272241003604,107.33607595169195,Orange
18.916784837884673,22.2787988188984,21.77161481744184,6.728243836748809,24.683812884486958,80.82352990336759,155.02955231831297,Orange
20.425371729663535,24.22401266875721,24.657816086986273,6.166971482216325,23.69700318977552,84.73094538099375,196.86138153459297,Orange
30.43619552539991,28.47343789744245,15.005722727136893,7.488057710667892,22.82266252851326,80.52972906046101,185.5602627054028,Orange
33.545297404139724,16.358780363191528,11.701411401187622,6.04976123663366,22.836060501141795,82.0941981680028,197.0076618910001,Orange
28.35720444479361,26.67829538277813,21.64209105537283,6.802610624668822,28.379911821704138,85.95807532389969,131.45460976033576,Orange
26.222202175368015,23.002628792017703,22.35179580638981,7.472590826072489,25.288340523367445,87.6339067844136,109.97630040381335,Orange
30.53662738896577,20.571253679898483,10.5908524433453,6.544869267843266,26.885142007373158,81.19250167681467,192.40344924302548,Orange
16.553448265456773,28.95010079749749,20.607062769035295,6.494568263121305,25.126002781672746,87.40809364732745,160.14711008812074,Orange
28.432858429098903,20.8374692477022,17.317202227113984,7.48480122605684,23.711382963997742,84.17856186522131,129.18231875739673,Orange
30.302230208796995,26.46018938498581,14.386681914960938,6.122085474949475,22.091461413377633,84.27450533242485,141.03375943357707,Orange
34.767797572797264,22.047031135465193,13.84627554363131,7.3368441615472015,25.92854359722863,85.99175635210578,109.56687104282126,Orange
22.65832814659548,29.163355117106804,18.842580762631382,6.516752782713692,27.005337445052746,89.10411089578116,127.39906004725901,Orange
25.102334369413487,29.38035980867633,12.58594214947679,7.079495888395067,26.91584806562386,86.79675131140635,135.12196306675696,Orange
21.277587469675296,25.263145058825557,13.23314927656818,6.629482117288507,23.505397168423343,80.08304841123329,197.00573600380693,Orange
23.634059573128383,29.54024421629738,12.104852796517392,6.88105016918623,23.607792262329916,87.90074126963275,178.37029887609754,Orange
17.252142980786235,28.680966793145835,12.919444708048369,6.91946601238404,29.88506896070163,88.82396534766363,195.6563928561169,Orange
21.851975424362386,16.58363463329195,12.825203099341751,6.75074234261492,28.345837426186577,81.50153644183875,165.9731532260757,Orange
21.47155208079024,20.1180310858823,19.928765952368895,6.70049912929983,28.496266344207953,81.55918509662827,178.99482697670385,Orange
16.284704961148417,17.910808203684073,19.84224571754748,7.2823884847666065,24.021437021914792,83.27191605828912,153.712074828674,Orange
19.231456129786046,27.167343923812584,21.60454967508641,6.217937567948672,25.710637854533058,87.74827766654622,133.73295311034147,Orange
27.662136454354634,15.753196821863591,19.13033140793977,6.228979470000911,28.64466660091561,83.55449463580479,128.15538627281956,Orange
31.8177795342297,15.752160346077153,15.949131990015172,6.555005310862547,24.27840299399641,89.11754332001478,175.09283935167224,Orange
16.278463283838775,25.720311741524313,17.90948699693191,7.3513018416023685,24.503564938786866,85.74161999609584,150.0755274740986,Orange
24.791218124552117,21.84158099275819,13.084442132984218,7.13356488373859,25.61068826191431,89.58516275002606,126.08084271927763,Orange
28.654876792540822,29.110756194586628,19.951874845241388,7.306909361426092,28.619847678056047,83.60117715489004,160.01239399394964,Orange
18.12522679622711,23.03288824043399,13.456329577215058,7.115605222428668,26.224467375136996,84.11227362631661,126.87970961669775,Orange
34.973969636825736,16.075657813273992,10.653410208586301,6.325886100740797,29.768579669022557,89.79238168319985,165.49277347721358,Orange
32.60213334412809,18.20942596261193,24.580631412649353,6.214177275209347,22.809001505453267,81.12211539247272,157.31279232725646,Orange
30.619488014361046,20.500007668119498,24.668439816791896,6.651630207177494,23.20358840618573,84.65966748186136,167.90371654224398,Orange
31.644515610087574,21.881524349348894,18.904102390737513,6.40101706823828,27.167332211244112,89.85971943950344,104.90535725877939,Orange
32.73061341410336,23.434237541512843,13.781479893434499,7.432334565013887,25.866834424471193,83.31690251673386,118.14976282708412,Orange
19.889044205133242,27.49273562387164,19.216150139757488,7.369868429232474,23.85574761726229,81.21138573848901,100.608753097559,Orange
25.157240752319876,29.974603955729823,20.424479032279585,6.462591887947719,29.014868664209374,87.8172226598796,101.54151660765393,Orange
31.337209610820448,19.507901358577442,12.245101968754017,6.339496259605612,25.748638435001112,84.24867927068011,128.88872993742268,Orange
18.444366444140655,26.43346184463254,24.851646756023754,7.1666873706295355,24.36749574137233,82.44808961412133,121.76658760659382,Orange
17.733901489780727,23.26995824538452,19.08100557930016,7.0582539909947055,27.441706967469344,82.92333311283383,133.03110053968464,Orange
28.630290708846758,20.241714611754425,13.189347844289696,6.5615042305451095,24.176673260623822,80.88312721218578,183.01389022766534,Orange
32.06222778314073,18.296254502503192,10.971582992878027,7.10824115602677,23.69222900690731,83.9343548943686,106.41352522373833,Orange
19.525391695168704,26.893534174944534,22.065946703728027,6.310627237331565,24.687310760853517,81.34238419093744,107.41726302849224,Orange
34.84343428896819,24.83390926867259,18.13144763797478,7.14824775060795,28.720617277501795,88.06714768044728,101.65394492898766,Orange
18.73615796380997,24.823579531767464,15.636390217059443,7.4737239765916605,27.323238341106034,89.56548908729206,120.14464816457938,Orange
32.27914056230046,19.82028458722838,24.843472123567103,6.2365330081097206,26.13071855070661,87.92844533837122,143.2642480604036,Orange
24.361681203752934,29.795336932586117,16.3796222545173,6.9061081508985955,22.436317285401206,88.4221008021026,164.81680489795434,Orange
23.080402057256272,15.242543099317796,18.875032308902558,6.018986742726243,22.009628911272145,86.16098562149355,118.90170673345543,Orange
18.837750994361905,24.799073487491157,10.805457819090615,6.470108342211835,23.195455217136153,85.80176369796534,166.1765154727396,Orange
29.42271707198087,18.82846825377848,11.33874627454876,6.118025485412847,25.40921238760579,89.45844409062715,121.77290342470246,Orange
20.134832026830985,16.513332031587883,19.083554108408954,7.019809310920762,27.14344966528608,88.61130243044781,148.64258350260718,Orange
17.68914081534129,19.34107696056619,19.936449601320277,6.91968296061234,26.248025037943698,86.82964418688687,163.73908503732994,Orange
32.62649778929904,23.79024566217445,21.679020380508348,6.373060733949702,27.425460676712543,89.02194118382675,138.5732327899833,Orange
30.58208374677293,25.87183951793153,10.892892953077338,6.872262464436108,23.041514793606417,89.67319172230592,181.1407502700656,Orange
17.194476024942404,16.826279964715177,18.917107823689285,6.517333761259775,22.279246872584874,85.41641507833053,138.7845099685847,Orange
17.021529847434852,27.028805883839738,23.72615147918209,7.134890901021195,28.579378480130217,82.16490567266118,126.3572950918601,Orange
19.170550805983755,26.47595147048346,24.218756184017458,7.075255810100854,29.051734119036446,86.38699094883172,138.7659900558799,Orange
23.515232298606104,16.129821482511073,10.47185792869039,7.043213406283616,25.507431136089444,85.52215068054629,155.76612476224165,Orange
45.54751626666603,64.5178502165898,49.41520443335405,6.8884272212278574,33.206753834010705,92.25582001843797,180.36445245059878,Papaya
57.91040240761652,72.32467245717845,57.8084440755833,6.770004996465014,25.34982488308063,91.30533399947664,147.87073456207088,Papaya
58.18720653449936,67.98485465675941,41.634079192044574,6.635378596011101,26.556761255419755,93.15210874084461,193.5414025507003,Papaya
57.19287821130792,73.81273101612486,44.03409114772884,6.809772484724049,27.403228807448308,91.79380783733069,211.46651074237494,Papaya
51.50225133878723,69.76383794648999,49.80238472253564,6.528857913336124,25.641954859978142,92.68961515633943,191.87890348200256,Papaya
44.30661055057463,69.43819147984608,56.21331546967025,6.911897478362111,32.46419232844105,92.0201497516423,187.835062945502,Papaya
55.27994098639086,74.83853236616221,46.90793324127192,6.911040780574611,26.656200594101712,91.02036529200903,189.3395002598378,Papaya
58.340911803089526,62.89209903322481,43.596888936710826,6.785099499382994,29.550517048081385,91.45325164682684,143.35790831218662,Papaya
54.71968977514159,55.15689842481246,50.78461054672967,7.293766807029754,27.66228286317468,93.01645755306009,186.8900105618618,Papaya
53.1004939281018,63.91699268397436,46.931559757515586,7.3359240730278135,32.58445956999864,91.60627586706956,130.3019194442206,Papaya
41.43615090890938,56.88551955797872,51.65738722384086,6.55166217582899,28.369268749640383,93.76599850957115,149.4348166515378,Papaya
55.26616154360259,69.9093407641411,44.916542652664326,7.228822180092745,32.47776638272101,91.98726962833513,141.04204837415182,Papaya
50.42541613783738,73.42795176000394,52.79233464864124,6.672922497627261,31.827569247335198,92.13601513640917,179.15287973553728,Papaya
54.68128070046216,65.2989470302889,56.27967949146617,7.222155579316627,31.150733400185107,90.75396407916176,203.59491109115683,Papaya
58.71811170639632,57.7393024761859,49.76482258866861,6.758888741970504,32.54523307425565,93.6081481800235,134.08851205703988,Papaya
57.54054542523274,58.61946127956004,55.94518051296215,6.956980359628005,28.28272293558151,90.79119631337107,136.76142561466293,Papaya
53.23781109401801,66.00860775894242,42.44170843302465,6.612697860438325,25.723105747727914,93.71883673686771,191.1882085229289,Papaya
41.1686198170915,66.20540151193946,41.693523104853796,7.403745770608942,34.071174191801326,93.49116494906565,212.618892143945,Papaya
56.22906060827381,71.570771518541,51.39415701139866,6.806059198216176,27.177991151164214,91.63600011019464,182.8495430089062,Papaya
43.453130716647976,60.17280473274643,49.36121725590929,6.733050098524616,30.886436697160615,94.61588014228165,194.80893657031265,Papaya
53.32853228297826,66.65442951967557,49.758958185141296,6.68656385963466,33.947104554268655,91.24268001006418,129.13088775781608,Papaya
55.000303584573906,58.51231068662333,47.43791999082352,6.528284928290979,26.370679425404482,90.86601815379956,125.4410127750178,Papaya
53.133139132456904,71.74015591606235,47.46630812731882,7.3745764767182,27.133465745601264,91.6269521178062,135.07369930311683,Papaya
52.41118390837997,63.39739181740614,52.265666936837974,7.261674905394184,30.457030160329484,93.13815177450894,213.5250314394333,Papaya
45.98128619217686,62.18327877267906,54.354067234186736,7.111305517055387,26.785329045397148,91.88073655005245,166.7838013124715,Papaya
48.38779675936779,58.565496166440816,58.488601835685245,7.262318761693976,29.813558321078524,93.40030514153418,209.7282672135522,Papaya
42.72348284723142,60.00746101413955,50.8540249451329,7.299010371352359,25.362548954415274,94.9200907509818,165.49066028823972,Papaya
47.18462281243446,60.85448875679543,43.487134153017436,7.291573908930028,34.554141647460966,92.068223774227,215.24206947534563,Papaya
56.475952308700684,64.62102254952637,53.48052358252265,6.934984179170463,30.587234082125523,90.29023168509252,189.6263475300533,Papaya
41.05649288968274,71.341698938393,56.49893858921115,6.737077287556215,28.236627810358,92.40655189279147,179.66629069324816,Papaya
45.74707323483993,66.8497280926385,45.95574146458598,6.5554907210710605,25.02527549831909,90.50575528959214,199.22507001640182,Papaya
59.22862624766674,63.539323985624385,50.253679068998856,6.646848169073426,30.51031352680157,90.72327451003488,181.12143311988302,Papaya
58.66517335161708,58.913970786060794,55.291274361142044,6.523502422818324,28.75497241321621,90.55374253915255,155.24754415956994,Papaya
43.47073839277767,62.46609980245775,48.350456122150604,6.800591122780919,31.566219494731293,94.59426025629455,160.05953741052724,Papaya
43.84686312950043,60.41445516391967,57.08001646992738,7.071639723270148,29.550110323069575,90.74818360754463,164.9727308323782,Papaya
45.56984006714774,73.86326255706699,57.68140218831462,6.5839025418281985,30.16653489261243,91.12529172757336,161.07770895242908,Papaya
57.536959965029126,65.5502903977709,46.6843058674152,6.707888354104997,33.00324859406489,93.12259007682174,166.80654604262313,Papaya
44.34968707725956,61.68492748314263,59.196868534770374,7.020089937605834,29.00699281243253,92.60711021174161,197.8988505899609,Papaya
46.80217873005738,58.57412241865218,51.698722366780956,7.165204103481067,32.127180029585496,94.40993795383065,157.1174120689113,Papaya
41.507097924577835,74.16697167261884,48.7002385487495,7.123257509673131,31.663053231282923,92.73256854350602,140.52575297362702,Papaya
55.102861002322825,71.07503948608164,51.059511720348794,6.988561160584841,26.139381831279852,90.41975830749892,153.95648455635288,Papaya
46.216923110347864,74.07312901926542,55.6724548488686,7.15992429525906,30.17648089017605,90.83683765363325,217.8456672184284,Papaya
47.5008139648042,57.1385120489449,49.87597791431492,7.373998011613083,33.87291001777329,90.05482958028223,208.62957447513998,Papaya
45.429684349997174,55.77944727936846,56.955805407257486,7.363866755988209,30.962310798423502,92.8721687864818,201.31202726214195,Papaya
55.7261910542056,72.80210946885408,51.054948951934065,7.4676470927328085,34.961468309333384,90.58272304999316,204.95437595541222,Papaya
49.99644515497178,62.751326765996644,52.2614461976543,6.555965557262007,30.0646111876708,94.35445285013333,141.3461516138969,Papaya
48.5277978953885,73.78961775429751,48.571276756113946,6.858367632332398,29.405366481233784,92.59726383258779,183.19913441314688,Papaya
56.01385601833462,64.04204411528629,56.34961870180281,7.03372066135208,28.384805103679778,93.28975414059707,191.77222547434914,Papaya
51.16097951258975,56.13229946269447,43.3976575032165,6.785297720890228,27.826256059514932,93.36710400123435,121.83486616736326,Papaya
55.1136355409904,60.30684949613867,46.20043692432205,7.027909827943924,27.159256009389576,94.42235656787764,128.53687793265652,Papaya
48.887647246021295,71.98844538909779,52.31687788842471,6.792329515842633,29.207602077764605,93.53347190171257,217.32607433638992,Papaya
57.86277436758867,61.84865616764753,59.96395758575715,6.503504663531058,25.276297558084153,94.11920257585597,139.9462686833052,Papaya
41.21538536792482,59.742961464730044,48.52200307961721,7.230566270433405,31.243355265512054,91.1881060878021,170.32704481005845,Papaya
58.52428210797137,71.30015553967516,46.46379569663587,7.482264561355696,32.08620400435131,90.31224677833391,123.51607132886387,Papaya
43.3681589802006,69.55711736100294,43.674778516848555,7.011486769208833,25.932601201808318,94.60443078915098,154.39606135835675,Papaya
58.16264113121262,73.89751283821089,40.122572946273614,6.964135187198732,25.24656055706893,94.54346383151453,171.8407544734576,Papaya
41.498880253969936,57.20553456553134,47.67018048985478,7.4402341928728895,31.92909151568081,94.33809433094567,156.64566463399797,Papaya
40.86427399099997,74.48635274408828,40.34345981324739,7.447651653081089,28.686774238491445,90.05045202510941,188.91572317245084,Papaya
59.610806080627086,74.31251445675184,43.21874022404837,6.681247806066155,30.6553891461966,93.18652413214163,193.94179136658656,Papaya
43.62100720944295,74.18014173528869,52.77478512578476,7.3470469188705545,30.400657152841717,92.07138423794942,217.7182906594996,Papaya
51.64242741639672,72.33747165598358,59.0658479273258,7.175354627008659,30.48938678518675,90.01755425455325,124.0019640739006,Papaya
44.017024321022326,58.720168637119905,45.0951759039969,6.804934637697661,28.600654935507283,92.10268845034439,129.88663384560147,Papaya
40.84723863905564,68.47888898146047,50.74669649686155,6.944144202220119,31.344399411683526,94.13839703601771,162.76929091162046,Papaya
52.822389301039586,74.07144447670318,56.792489917231215,6.926000810502409,31.44716837814743,90.8853546095797,176.052218489509,Papaya
59.62656582276885,65.36630230405045,58.55276598380294,6.907334920503261,34.98844827184631,92.8961001761378,124.22689942359345,Papaya
51.735095933827765,60.49145391359193,40.649626440717896,7.320853304694664,27.75729636980756,93.98274277023249,148.8217582955867,Papaya
43.886527077475485,74.47871148208856,47.23290655510039,7.10137621144316,31.099814928144717,92.8023674108675,211.46957435212147,Papaya
53.48882142733737,63.0746600820986,57.24760769048548,6.681062899115965,30.442367576104175,94.75275185971878,182.53976298804128,Papaya
56.339369009497524,68.07121451090386,56.78741727075781,7.444487879845243,27.72921727532737,90.8483054062836,168.399075033254,Papaya
54.03724853648431,59.54382506364432,40.08202900860334,6.842935115836705,34.688593354677884,93.47483730302923,160.1325443941224,Papaya
43.851521946936806,62.12179347509494,43.39678866602496,6.606305821312952,34.06742372572554,94.98825169187737,136.41144395957903,Papaya
41.0904511775656,61.594622142924244,49.233183615228306,6.704821247075855,28.014249117985585,91.00435367845829,197.42605684324514,Papaya
54.25155886494522,67.69903031521963,47.744357141584096,7.409040941314236,34.6953254153502,90.86819656312706,142.3012641411878,Papaya
50.51262056000739,56.825011385644906,48.72896797646226,7.08179126477771,30.22073571137333,91.65454291539012,174.24458060772068,Papaya
59.17601908517696,59.12034808582752,53.09662716788007,6.543396694156052,25.66416404481435,92.75914112111792,130.49391803279494,Papaya
40.446935768537145,58.43025995296044,51.29698341999149,7.203340954518932,27.0247856414138,93.34129718604088,138.24763310992293,Papaya
52.26914853262514,63.23919359791598,53.075990186672335,7.495052752479247,34.37816965232562,90.02140878918051,208.54387643623056,Papaya
41.32981590349533,74.0609317231969,45.6365135819937,6.882034830411271,25.916382051757278,90.56136379164455,192.67405652293195,Papaya
58.88664471496583,67.21496989908619,54.31700031053622,7.261969744597153,27.628142745529416,90.22614815460108,120.18727439191686,Papaya
47.01298565908037,59.829284563984324,41.24635450098371,6.679528292493667,26.244988982679477,94.57439190308685,134.02672134591688,Papaya
50.752969279753586,66.8621191022433,50.86978915417268,6.599056434215988,28.187983617505513,90.25635166231577,159.5669914096316,Papaya
43.77197862543184,66.2326506656876,53.85616787698201,7.032119860204706,29.342366966113957,91.93666710428346,204.1691768097004,Papaya
44.387361301305404,69.68436679057737,55.14964649480238,6.919200007270734,27.973005992256393,92.35270743022987,129.32139258926986,Papaya
40.9186006445818,57.23206398903783,43.742900629244524,7.004176820338043,33.49136636161122,91.17821165999844,213.5162010746778,Papaya
59.09815817870007,74.17809209690411,56.75125469352648,6.863825040797721,25.72683911002623,92.84409365883248,175.86814439372338,Papaya
56.99951534219191,74.91982101892211,50.16314613120295,6.845204031039784,26.85901711556267,90.02399912408686,170.91136924888792,Papaya
51.110373334051914,71.49876959634796,50.091539357856014,7.416468348666056,31.280834765714353,94.20168119110542,134.8301734807747,Papaya
57.10672260604629,68.50287708887697,43.40466064876661,6.68976355814601,34.265006190442215,90.16107680225187,166.2534943295706,Papaya
46.26950579868203,68.30154879996856,56.79258775137984,6.86037812155657,29.26902087322837,94.90958892250707,198.39165096792027,Papaya
57.94408261863583,63.775244413032596,44.681524079682305,6.9118634653864515,32.16091917831513,90.5471520241799,147.0469105616509,Papaya
40.932718009231806,63.64695476676263,56.54891471959226,6.524663688298011,31.75323526807166,94.6624793725687,143.69278615111824,Papaya
53.87269681455297,74.502038022004,59.24556120304926,6.734929193029143,26.003310532120686,90.74141268947957,190.20356684821422,Papaya
54.51517750906551,68.48473123256397,46.72156775484476,6.669776939758123,30.80761091952253,92.41840222878933,192.88341471223035,Papaya
48.82720157371243,61.77279389372937,45.869571547180286,6.711470320049747,27.657463761866616,90.47415219422051,154.68570109288896,Papaya
40.73139624725916,58.728276943326534,54.93540889238858,6.825468988676622,31.68237016977344,93.58442087798639,178.11853427321137,Papaya
59.173954827307966,55.42879733246227,54.77305301176284,7.4587866439404085,33.62271729352939,90.83946345902507,152.6820306251732,Papaya
43.44903679752931,67.02616727629407,54.24375963958985,6.817073769363058,30.395065739842956,93.45460285035597,162.13398166110483,Papaya
57.08031060910919,70.43099870575634,41.293310877011415,7.121125299090829,27.353255509597496,92.78759132333637,215.68884426329663,Papaya
57.581240091045004,63.09032806230263,45.83027716688707,6.734405744408259,30.3251486975652,90.57124226629028,174.92750081282486,Papaya
40.02667278981584,61.476992614916895,44.39868627661163,7.471218789960782,32.27242319569979,91.74826690231119,129.28450865306206,Papaya
30.33601189381248,24.268957626520844,35.72859091796715,7.506087062536677,27.389510625216623,92.43651893681502,154.10302890628114,Coconut
38.54531265262818,38.638053688412064,35.254464021471044,5.917278461430513,25.515044070553326,89.30590538536931,163.63443153180893,Coconut
30.001846715644664,22.0660095562656,28.952955622392306,6.43889586859858,30.6510678886263,91.96473504441768,168.15350002084708,Coconut
26.780570994878197,31.428227860884686,33.947596452761346,6.977389737869482,20.606906792948124,91.45310151367272,129.59926251439668,Coconut
26.523701225558185,39.21834863116123,28.653896254227654,5.933735757735791,26.11871090877046,94.04118863704737,141.66700832063705,Coconut
34.87730561776342,37.12748196429605,31.20032711643698,6.17825055061613,24.278674684260274,93.82999066032545,104.43468619536011,Coconut
26.168421776573602,33.5881711519026,36.30886999130685,6.308868077881083,26.479378726656613,89.38309210079822,143.07166216080105,Coconut
30.034059683526984,38.02378243909203,30.216703256079526,7.603485506494797,27.730896809911783,88.14238581747321,172.46313368993935,Coconut
20.711037550981104,39.94762253627626,42.452733753823956,5.892031242620137,23.088934762360466,90.67008757473926,135.6166965314443,Coconut
27.44675636770762,26.36553092238961,37.42266813696663,5.492790991161872,30.151775509352156,93.68681738821921,147.64832078552703,Coconut
37.05459930557095,24.942901400605866,25.35130911407934,6.857623775089469,25.494912883576585,91.9701518240711,189.9339409018403,Coconut
39.39851147131887,32.689062795112065,40.281111797048766,5.251425300461493,21.928587018698067,93.13243363467083,143.1365456388002,Coconut
28.919305408088114,26.17215363270873,37.14712766955488,5.555495136248608,27.522995351766745,89.21659199994667,106.38260347097136,Coconut
26.60715377398122,24.622806840196954,42.77983277112665,5.1648603616058795,22.119364310889473,91.84103723908134,148.10671908474737,Coconut
20.91704036749403,20.14504856030289,44.76135883922299,6.9765041010765145,24.384873570818684,91.2930257336427,126.65501204542869,Coconut
26.897475673864193,32.980889345364275,42.656235977347414,5.552390069243555,30.084338064623825,88.85089640662788,121.49922235883912,Coconut
20.74350576099292,22.816237241859987,43.34606290928101,6.378316239855136,20.931990341340242,94.71808786627273,187.89923077586502,Coconut
35.093650417362824,38.66945583895116,29.402588416715282,7.509107879030259,28.279894356251674,94.08831474697382,179.69115657426298,Coconut
26.9299012635365,35.48797074034511,30.249126059697808,5.985776489084165,21.294868606675713,94.54553631186329,129.10033634002815,Coconut
30.412449303429035,27.82665672932385,44.19856241167003,6.005147512815447,29.342549857072267,93.98791308241826,143.56064974809658,Coconut
27.563436289058625,34.95491641865256,43.25791960612468,7.264795199216715,22.725516387102388,94.21815423206394,138.75816674368332,Coconut
31.524588235558685,36.62871238585422,28.767895348009844,7.353530407032659,27.15395357492813,94.25339149279326,117.1970401843543,Coconut
28.41364474081857,36.65686185733675,25.384634069135203,5.336604100296928,31.886782553080817,89.96275925013245,197.55431937239536,Coconut
23.650631020173478,27.221888860146713,40.05738889007141,6.973335221714535,26.973468799148666,91.70929423063505,184.344044366474,Coconut
24.698971256667853,28.84941853987037,28.109045843129145,6.787824787192113,23.006533091255843,90.3368944504037,147.1250716623528,Coconut
20.53541171406256,21.838758718416752,38.71858441416439,6.286909942152522,30.377482663998745,92.8627040255094,100.81009416473225,Coconut
32.33424661534269,21.87449732119433,40.618663595809885,7.974523064835505,26.374385530898138,92.77945650135891,123.73141608947515,Coconut
28.75195487507587,37.12190664472767,28.348458954925025,5.796606816841287,25.345204103432362,92.9857422429081,137.5883954795674,Coconut
38.55464559566008,21.889141025374382,32.41608395089695,7.126862370285266,22.71184118793791,92.5948919396077,116.42169582273459,Coconut
21.119605697233727,22.42031433497298,43.59969566268269,6.655252648818654,29.55614930575579,90.32858150633535,159.26586478854466,Coconut
29.89904267409983,38.91475918804588,39.951492721082204,7.191627894489737,20.556239233211354,91.84768768302584,146.69914539018149,Coconut
38.55684533212389,25.146839763790645,30.396669065821886,6.234038746644501,22.920436560876514,88.90428742466125,185.74148466508007,Coconut
31.165530488078318,37.22725437913134,41.622695308073915,5.846127064369013,26.572849331891288,88.58252391918049,191.52518840307584,Coconut
28.08525430130306,27.873523677780426,31.055107412359064,6.381991234132111,23.021112638545375,90.62396590957763,179.9947048584882,Coconut
36.685110071703434,26.08364955257032,34.38028861105576,7.621459328840157,20.632079981956366,94.22401473397049,121.91843456523317,Coconut
33.57078488428752,31.651033927692005,36.05881496378504,7.578080674258464,21.218865723735934,90.42919617727945,153.82527463447656,Coconut
36.2257770789208,24.32886166823343,41.05859682748552,6.198915447481808,22.266966277204347,93.31290508310438,109.08989014745478,Coconut
30.29534748150886,21.27751567723777,32.12835710315575,6.803230397019178,26.673386497846558,90.83258792533266,142.90479939721158,Coconut
24.535391067015333,29.11765176848206,44.06509711441669,7.551358753351371,21.742794428916127,88.20846551124644,193.35243127166308,Coconut
30.53499499761495,30.756756462986154,40.614359914130446,5.944066921613979,25.782890826032027,94.78064039202717,167.2148686932407,Coconut
23.074900639915718,22.664534959687067,29.08529516666011,7.300135023262152,23.544524046087393,88.14972192672556,194.4174363505662,Coconut
23.394268327898214,20.19116372296137,29.74263204766646,5.705086361354401,25.064063010148676,94.44272882050026,187.9184917779098,Coconut
29.13789109964856,28.21799809983613,36.100181729497024,5.730362035915297,20.626219903596354,94.57456895319845,118.66989848771728,Coconut
23.96801458491433,29.449206577078954,34.832266896806615,5.055302629102226,21.775456865287648,90.64708372992519,168.3730693510539,Coconut
24.568369136638715,28.460288924835254,36.14690129432934,7.665777483869876,23.91284602792548,88.93490786104438,148.92722258976082,Coconut
34.93443203368124,22.197195141054667,33.49366983393921,5.05335542378745,20.402710179767013,91.38067354251666,129.81972981509296,Coconut
36.902145980108244,32.04308612252909,34.078659234859806,6.223806113162889,25.96694576227476,88.28307181848862,189.27933564206597,Coconut
39.966063114679166,23.62974249717397,27.407659295492394,5.430732390345786,27.932324698812405,92.63008586915542,184.7924162278411,Coconut
35.03652776852506,28.993793467386794,37.25710723130638,7.064854011104024,26.1528376434227,91.32955689116146,164.50974456426533,Coconut
31.149490979513075,32.87884610671821,37.25709547926728,7.157589681540964,27.713642105394513,91.63819740506086,168.17968112843863,Coconut
28.98963930370856,24.83342451945202,25.02836440267831,6.67989244143753,27.087862719303693,94.80434275343,136.14783340942756,Coconut
27.882664856566237,24.035991626843803,26.410685904746437,7.318413478585222,22.9961727720719,92.26233402721027,168.77730355454815,Coconut
29.424733745832953,37.52704226054384,33.87589681959457,5.8547258691252955,30.75218627553947,94.0309499897497,116.4039947076413,Coconut
20.519220367078418,21.799711126992413,30.73094797107634,7.916779405225132,26.7021938379299,90.61283212420489,188.87160946127463,Coconut
29.062726629569994,26.30477256802042,43.82439057491315,7.5485529985780335,30.124020505033293,91.58599320135149,178.9438398815455,Coconut
23.587067185291037,31.46445915112487,44.676918456950915,5.872875291553885,29.5322279509721,91.43334885045647,103.98056832220874,Coconut
35.26038795631335,23.371382887842255,37.629471342655,5.256992582140919,31.36240876995158,90.04206721026253,122.6464691677395,Coconut
22.582728081326685,38.92004386678096,39.2380748488261,7.224982666154266,25.992854736562933,91.32309449689339,111.00212429914767,Coconut
31.196821911679834,24.93832990217581,44.542906656008114,7.389742820045442,24.95590472231465,89.05938881084073,178.5331691138784,Coconut
22.44107534162632,23.78667506994141,29.230410354884548,6.670671914819283,29.444679847884395,90.20020415107284,108.46698142752894,Coconut
29.290769270488383,34.96220482319871,29.433276861747764,5.659773644118123,31.36672432816053,94.67907608983424,199.04657320615763,Coconut
36.15319203149561,23.76368338335891,29.239630415985225,6.020675724567176,23.81759037600189,94.69569424354606,178.90739828816936,Coconut
34.48017584323108,23.719264481162636,43.19051118724659,7.483611138518521,21.963702095935083,94.0981923237268,127.22475363704713,Coconut
21.61739491664212,33.1364461302842,38.07609318768661,5.284796028696855,23.82622170723899,94.94970123578877,167.84266670087368,Coconut
34.601503332066585,24.25834571208611,26.575641420078288,5.830705069222813,22.986780622318303,89.64180870523637,119.27543218870396,Coconut
31.495113813108087,26.562069516836434,41.40690030095061,5.551842253542152,25.575524850422532,88.09560485498255,148.16823224551922,Coconut
21.116764417529488,39.554470237452875,40.811842573008256,6.470334429909366,21.039048298152203,92.1471180855329,175.87637507018775,Coconut
23.814345060094904,31.36416681574982,41.284217967657355,7.3047433329389495,29.635904214405834,94.15526397408804,193.76821021594702,Coconut
28.11042310407072,31.375382050457546,40.813190520912215,7.091419441837349,31.946242739172547,88.0957435577325,135.51332153157907,Coconut
25.62055852540405,25.246317003310693,29.450595649977714,7.127371522445687,21.01711367930386,93.19126183760336,169.34258420162735,Coconut
25.01608265001793,25.056675663303224,37.57721170689004,7.286513316451034,30.517827357048386,93.96497694698132,196.4882994163853,Coconut
31.627697906730223,38.173111226807194,41.17026546520822,7.684002872942041,20.1395192154244,94.76132094306068,147.35301628464782,Coconut
35.96365979149686,22.54408238675562,32.918821916279484,5.814381989062973,23.499905246011245,88.86278933965617,180.5763832543007,Coconut
20.184846291621565,26.25010913970405,28.488210864328302,6.767116821825022,23.051028831374527,89.8129891816967,148.8338143995319,Coconut
33.053780786818514,22.426094091303273,28.510229049309924,5.741524233783553,31.684978569415527,90.78006749960045,159.89900906310265,Coconut
24.830856254319556,29.809190503149757,26.48238348771916,5.104226437766981,25.624802321857523,90.79061501262889,113.68803196918277,Coconut
33.752028578414674,39.85806981798529,32.91293642393425,6.873675907752183,31.55571130837383,93.82074480712812,146.3552223302686,Coconut
34.74978968919839,22.56270080501048,35.24207710927598,5.8371808315398095,21.93396425475393,90.98396634378174,113.10145544336144,Coconut
33.97970216348971,29.12480088106671,35.62289265129328,5.439127816004471,21.677259933121935,92.08390804682087,198.50097478294464,Coconut
21.925011664754514,25.714628571315625,42.38918233075775,5.216816036765711,30.510628656403416,91.67000188362326,140.82667739264258,Coconut
26.193611287029118,25.94234316255684,31.116051648989576,7.654409242880588,28.685542762097427,92.68806105481805,179.87491489520008,Coconut
25.1422932600829,32.36085624163511,34.20132477915902,7.34732490560058,23.711073325679425,92.50225031808927,188.22124118173133,Coconut
28.043009523898576,21.33244174734923,35.321016446835856,6.037917463421078,28.0667045665661,94.65723047324025,148.5608317996847,Coconut
29.323804603110677,33.091696003829206,27.069950071871354,5.760518566775044,31.02775190600478,92.68959829354637,101.34440439834162,Coconut
24.092509451180398,33.65674532057798,40.287984051251485,7.519578718022125,23.50612164058454,94.51720017394294,155.29468935778925,Coconut
33.930780447757854,31.93477725559816,27.45480109349241,7.889343978154639,21.474506958729833,89.78417369487829,181.36278802229802,Coconut
32.37193923002203,36.762983307527136,35.3147237674809,6.130979706099905,31.06214599457342,88.25376622260356,185.6130220353046,Coconut
24.61635570375563,36.97472655507936,27.78393226833771,6.740656891071621,30.657295028137664,91.31477752829224,174.6566673803393,Coconut
36.09343235711117,34.72988417433558,43.506594737491966,6.340502691559786,22.07750526998187,88.33467744591736,124.64598696375052,Coconut
22.86395007760484,31.158974828689608,28.69890674423464,5.1168011218681135,20.431877946424013,93.82098648855403,159.14499314430248,Coconut
27.161706037867564,37.88456085480494,26.40393222815427,7.940966218183478,27.395501483053533,89.28424977778194,167.90690989769683,Coconut
35.26762519567125,28.58685566741549,42.23265212491095,5.452197221889411,23.3460510029313,88.65444653108793,121.08778406073522,Coconut
24.7745762382229,38.3526638184342,26.562193775023125,6.282245360563128,26.388784246722956,94.29085137661512,199.76962186612135,Coconut
35.067762298396715,39.41581981138059,40.74202265071747,7.88960792291425,28.487248711333464,88.5583439781575,140.19201869926763,Coconut
32.93194567604941,27.01437018908502,30.46767836227557,6.732197801399273,31.202022520429217,88.24487311461307,176.92312035414378,Coconut
34.45454556089254,39.27906850776574,43.61422444665087,7.2866976861325785,26.244905176191182,89.42987287263463,154.52357183255742,Coconut
35.30703987839308,37.913384252757865,40.79424018421098,5.585800805573162,27.196235770736713,90.3252142167195,100.9205667390643,Coconut
24.00441871577332,22.264412998668984,41.854382470789375,5.775518756443436,23.416375626650666,94.71955600259218,137.90867230488521,Coconut
20.191712802887892,25.67692296692273,27.38599161203625,5.3084256852075615,20.929847481628993,92.15281629122764,118.93477236298587,Coconut
27.224855880820208,37.24035432260034,33.486762795925515,7.747074050154913,25.975256640747276,90.79185630387829,175.03889270907015,Coconut
93.65875493840011,41.78956765964835,24.77960570884441,6.9738814264784965,27.9041525031921,84.16270837343532,83.30201266029286,Cotton
119.82050132923231,50.013932555906194,29.724159834636495,7.662168814713191,29.117377082773537,77.54340087577604,106.35158538975566,Cotton
103.27366124988245,44.1748506685678,29.16399239483326,6.038608833435733,29.653887036634295,76.49261896988806,109.1662849075961,Cotton
103.79612765340515,47.014046548614544,18.251365669829774,7.17102808496216,23.48095547507874,81.57393039494663,60.93883907652396,Cotton
93.21874417575198,41.99322305462497,21.284905279653465,7.629592345319952,28.881779103783828,77.448107400609,94.46218345434085,Cotton
128.41824963463003,45.77658859839217,21.1351160510441,7.047948405371428,21.348748464080476,75.25982293725781,69.168348559097,Cotton
121.34268106267666,41.47236523067363,17.845445472751926,6.6757077713906074,20.778700643063665,76.91699271161634,114.67618733901067,Cotton
90.96495661134924,53.06863848348724,20.766133963727775,7.345297478864742,25.886917203634045,77.23498754354644,110.83256925440331,Cotton
114.59701913046783,56.45072037826944,21.090188042823286,7.969371107830478,27.70489358501296,84.65950205112574,90.85958873459153,Cotton
113.68455661453503,55.109076186505156,28.204368945201452,7.928291591731116,23.245519060324998,82.98704573842639,72.63873585813221,Cotton
117.27871733727227,43.59696296818398,20.210960426255085,7.862716734412919,21.46090699773086,81.32400895135197,95.5772563756442,Cotton
96.03691763544933,46.51958087537624,23.444722567728988,6.37435721797698,28.00623656412815,84.7215650953475,72.88556399774832,Cotton
99.3455982395288,49.0987014359489,26.21647915710048,6.563201220470503,20.198799086972805,80.41220628032895,117.39603406603845,Cotton
109.56384277034728,48.402691083662006,29.533525756710567,7.389215223253457,27.191719228421253,80.62702005371068,118.47655265179449,Cotton
124.4433242212778,57.90065503210339,25.49068298599832,7.470231649680792,22.904109221422466,78.0347869801382,106.97907897456176,Cotton
104.83531445849498,51.25540141603064,18.74028466360053,7.633966761618138,21.1050135122769,83.29446639761665,96.16378803045612,Cotton
99.34547674135386,50.84070771012236,19.237482552710105,6.646934669460993,23.515280415968803,75.63319246972321,119.15770106408505,Cotton
91.57673140656121,53.24993746368557,20.56841471636146,7.292020581893398,23.562482530875837,81.73750646258858,103.75413056810166,Cotton
124.52763201998224,42.279239627163044,24.853398519820267,6.559975098908195,20.288013705693334,79.14830671888954,86.01258616822807,Cotton
113.35870666762233,54.096483307814324,19.63265713713689,6.630561026207845,20.605522562412606,81.86821215992296,94.06956548397504,Cotton
107.4712556346894,54.103779578347094,23.060366238403155,6.93848989174108,25.113245436611265,81.36348125267057,99.60015627447598,Cotton
104.44789095703585,42.81486726782306,17.34951271785778,7.2787817718060035,28.72873285767126,79.09496278345551,70.17120961976774,Cotton
127.83012491469273,56.649789488388976,28.2087366468145,7.213662857827466,28.607285593880846,75.15414958448407,66.4341481061714,Cotton
94.62880335260493,54.252093685094664,16.043726753153685,6.992728744932614,24.72706898636289,78.10703523558242,112.22431019652599,Cotton
98.5216600939998,47.0492556879848,26.612572500343937,6.060844628786569,26.729504002463685,83.1639772636157,115.93607033029004,Cotton
133.81483202457423,46.387682336673706,23.795462119844288,6.154586986300932,22.578700035480086,75.94222378747507,78.91123740923783,Cotton
133.75936067293645,46.943336793485855,23.428471545021395,6.866761696229881,24.589165242987352,84.69572051836559,77.76926809583148,Cotton
121.36622347615857,48.40125339158894,15.917192715715293,6.978661663248472,28.133433290451084,75.98752968681688,64.17551084377854,Cotton
97.68157601966334,55.28800222778612,25.859930762171068,7.130035537812221,24.682264040926324,83.88325814702623,106.00186943000895,Cotton
130.59711256509024,56.265246027013085,24.640757321183372,6.916029248631892,28.646777525856503,84.2600741760325,61.42836259550058,Cotton
92.57774366331256,59.17486593816875,19.157409207662923,7.746738879298837,23.887951189614025,76.19100057609356,64.82659201256006,Cotton
97.82539495402283,44.997863897347294,22.327775308962394,7.402995801131567,29.863985764853,79.4150674328917,91.09109654058659,Cotton
116.09078506916278,50.78868710975872,22.766109856566935,6.017549510123835,20.017248221098406,75.97666318126123,66.09339620575074,Cotton
125.2448454477398,44.09832065032,28.420711571334195,7.8572126591540385,29.758933378958986,84.3908130488702,76.31329931511148,Cotton
115.48884223517562,43.50909940393882,27.0931448275865,7.776863410288192,28.51288839297515,79.33366948696835,105.52043308120686,Cotton
94.87895847881347,40.804895412385015,26.298546214631415,6.850710548657368,29.955492647395694,75.97254215855533,111.33766089211403,Cotton
113.99915327644959,56.543003910077545,27.256909232552175,7.8319840027241545,22.978500112861028,84.49799353462004,69.10001762145721,Cotton
94.09843887967453,48.63231034744698,27.42484452962764,6.946842261266891,28.292866775305143,82.29686805794306,72.56570316833601,Cotton
137.44408124497318,41.21562337258807,28.474195613156922,6.608886897980748,25.001480831643992,79.22351872700735,70.31007341501497,Cotton
107.90734332008466,43.858688725855906,18.058297131907857,6.3741136720527605,24.89017380346594,82.97931367511316,94.13820202567446,Cotton
134.66032942754208,52.730889771534486,25.340101734489068,7.335214459454006,24.494591931837412,81.89338822200082,64.18246478813766,Cotton
132.99257359578314,55.55624286887834,18.678449373475182,7.536064908508164,20.126426014000184,77.1724657248088,63.908234320253754,Cotton
129.01134583089473,55.11748302356774,27.20454035702746,6.0089633866510574,25.01232726678408,82.04836197517336,69.32406772434092,Cotton
122.48953637563123,41.68220198619372,17.7198878415647,6.951593629989202,26.53565152681102,76.45869126953896,71.11339984985628,Cotton
100.22231835328316,44.77401609397957,18.39830772789437,6.790298216995273,26.53789650836723,79.3803178313447,106.55843452499329,Cotton
125.96342529743075,42.53053828098152,15.732624349811159,7.755883127999212,20.798310665628733,76.48339180719714,61.32799653348708,Cotton
121.41681826493269,51.64741126316697,29.803554996528835,7.773864792634344,24.108431774809098,78.71585840912535,77.8111220567991,Cotton
97.62034600189406,42.76167313204018,16.984255620144083,6.228229514373557,22.40512042405537,78.06668630313116,117.69473826233495,Cotton
118.92366255009429,59.75191549026562,20.5870042173851,6.915253265178882,23.24578659165279,76.82887650896552,68.58988246665476,Cotton
137.2539598903916,59.73621363597512,15.673642447630973,6.3006917494635335,24.235240923010224,76.86333476344407,81.832823617613,Cotton
96.45481749298168,49.13023513443581,19.07541924253889,6.703810111517321,20.943126514627476,79.28128050710141,118.99545665769419,Cotton
106.44165234405952,57.528585496848706,27.647987124355275,7.904116836594421,27.901095122670945,81.59596827058814,111.39506665364746,Cotton
93.78223403286748,49.25661314397615,29.83884357922588,7.539200302589465,29.620753780372233,82.7963435613348,112.49291804652864,Cotton
125.32648161515955,55.2100400883448,22.84767014759251,7.848475401628265,28.250389106233616,83.43884965665632,100.38054605778314,Cotton
105.22899735436245,40.712595907802786,29.034826941143166,7.172240697610993,22.981429711481404,76.49135107847538,109.77138993004527,Cotton
131.82600972237896,56.29015936261063,24.67624037950179,6.732030775183752,23.04070284780257,75.0855477011817,110.01645352129442,Cotton
94.37163487468213,52.61509996081536,22.561124202601327,7.053378717852702,29.26712845307773,75.31615011271242,106.40353347772634,Cotton
92.60261991836536,40.76307211870754,21.44726547212073,6.1261503486859334,27.89143951292912,80.29563093648338,61.742326959586464,Cotton
92.02503432409597,52.25337059478959,27.091677264876076,6.875599062549547,25.545806715356242,82.99829454049902,96.63037044250915,Cotton
101.23801188294098,52.261040517389574,24.424191885978203,7.468213961762253,26.208741875568013,84.69242130458038,71.83729852302412,Cotton
137.55453397835382,50.76678980700032,25.07934210742368,6.1989231949043795,23.805759413781068,82.69379146463173,102.41466090593943,Cotton
92.0069694082705,50.93188526994489,16.324172894526143,7.991712858356324,28.972965885332947,75.21080660428537,111.51897473415785,Cotton
135.9714800279204,47.070964451269106,25.792524825716487,6.884207492415558,26.55232484576344,78.40317404298192,79.3535541979961,Cotton
111.22169444287896,42.911355173050026,27.46708446653074,6.697395790723274,24.001495539058453,83.94054612702145,89.79742884379029,Cotton
117.21269546754314,59.129962495541974,28.300895747174838,6.338933417776879,24.73215029918105,84.71296227428546,82.34197789371616,Cotton
108.57865542581,43.90060463578309,16.71484671178688,7.480609581511963,27.700304687015166,84.69012963503,106.40509265432178,Cotton
102.16762470167994,40.80233156577031,29.781560765544903,6.680901391087211,23.11971542432421,84.05955209749382,95.10599391269918,Cotton
100.74355869245673,57.78192485432479,29.90041282582115,6.1733571223016614,28.622516283024872,78.90515697684394,91.44434679040226,Cotton
135.74079878824904,59.467583915502345,18.932458656131992,6.425701541919827,20.80516558591512,80.61797852662139,60.816263727040095,Cotton
110.59491488049683,41.46768033304017,21.07838674394001,6.0798643785312185,28.352172606087688,77.09738993938566,79.69852262147472,Cotton
133.5023998303196,54.9253212266441,18.285575424630878,6.143798837314992,27.156737768553395,78.9070255068811,105.96479994709327,Cotton
112.26473861876052,46.92004825944553,21.768081123185947,7.497117971341353,29.02220286540374,75.49767196588576,91.4466924736173,Cotton
91.64177145419389,49.36819090048718,28.279242436453508,6.723180532840619,29.32450421080643,81.30608471650609,116.04932062758039,Cotton
127.85833127062598,42.06870333297525,18.467270513440155,6.788340909167013,21.70106882012076,79.94911604776661,88.28208934208944,Cotton
137.81295990136906,48.67455765791956,26.784402064319966,7.88382108970296,28.769888309739855,77.08667624511592,89.76179365521266,Cotton
107.38698911479628,47.99717390274431,20.41210239368627,7.652718420350008,24.521390551224474,80.23694332244688,118.94684142282448,Cotton
92.99896360957582,49.75915279581498,26.610925604191742,6.302323916376453,26.11531594614774,77.39464779534467,112.04424679347406,Cotton
106.35498327000397,46.58125633801819,23.972908177768403,6.367125816239818,22.84888638903061,79.16631850119411,81.21827178840662,Cotton
116.24386090027912,51.992802881379326,23.500011806252466,7.308336623983864,23.0774951660782,76.26426227155028,105.64845248586462,Cotton
132.5390191315341,45.14012464444865,21.106379342370296,6.997138433927111,25.333268427529365,81.59490171087651,62.49619400131928,Cotton
126.07385413670085,41.239420139588205,22.024328515093018,7.655342271138388,24.512153132783965,76.49089748768247,119.10203070035757,Cotton
134.46427310371317,55.42627266450028,21.172674043488158,6.367691453778596,29.414111814185013,80.32351126517139,111.14132762324911,Cotton
107.10475028797129,46.70576634158941,29.783107210110586,7.0436660969897,21.40695423860746,77.19674677994708,88.91665676356325,Cotton
92.12354552442056,49.25067970756601,21.284112631201914,7.558672530638974,23.549419644892417,84.82548761539599,70.84619515805419,Cotton
119.54933424840675,41.79398594016509,26.00795975990973,7.989507376123943,28.191386377516324,80.55703540720302,89.08448144398153,Cotton
131.75149806334235,58.71948169421449,29.838097886971397,6.793078455128969,29.909174747945123,76.55926252173832,75.21298655591455,Cotton
94.4508062366948,45.434770329689634,26.519063274270167,7.7058487163569,27.788926451025716,81.31065778167697,90.83799075135873,Cotton
125.43521446068232,47.81667098534444,27.619625272495526,7.354380187953571,26.978046984944086,80.35935993129071,113.11373905267035,Cotton
102.60073668395262,47.62295306722101,26.66463854516534,6.985497792258675,28.892140134241906,78.46399319762853,82.15981012917868,Cotton
134.43678946933127,49.28740640364082,22.741868763037303,6.665527430671359,22.76669942179082,81.55948710838392,67.19043969247224,Cotton
133.96363205914545,55.584062735302155,17.861223955587043,7.3880398916491306,26.026329212856346,76.84535050736645,76.39221036301394,Cotton
110.44932518669172,53.98485470490948,24.58085113225509,7.064469695353396,27.684105431140342,82.57937739606166,97.07154924373535,Cotton
129.34950416924127,46.685267495584185,28.218742924839084,7.2298201716038815,28.223635138124305,80.46279104790284,73.10629469932083,Cotton
117.12050643391544,47.42223327553176,25.46248554055642,6.951587583469472,28.36112804927688,81.78072512321917,101.07266598187944,Cotton
100.85776667455325,59.68499532982581,27.62512813907233,7.5780097691213895,23.302152251600276,80.35631652847232,68.22619128445972,Cotton
116.9237988331353,42.91778492966574,23.295567659844018,7.297443760309811,23.901959672499025,79.98544878331293,112.53920326047515,Cotton
95.42815723514047,55.83465785999306,17.561318264942948,6.073415965609257,21.85574602745048,82.6504318997049,84.3075644002116,Cotton
133.6260258423091,50.49415082364531,15.333755278894964,7.433427219203853,21.102329087212325,82.89379633461924,70.0861529883108,Cotton
107.27231929027568,55.22542859250721,29.313470362146326,6.742867901293465,28.294002201989358,76.90792265475838,108.43078621214946,Cotton
122.87470296281255,43.85487014424737,19.537559405271175,6.263541777194072,23.829670110643132,77.03648641123277,98.63987721782841,Cotton
84.83515312661676,20.24018326168528,23.11379719930948,6.57366659754901,35.884714265850555,80.12010669533875,208.93312776804257,Jute
69.14958403985166,25.378086091229626,15.840436998733706,6.408657682209836,24.683689126128822,81.00984938931836,187.65642789180637,Jute
71.00807204576283,22.685939287903732,28.989449486090393,6.894521243549935,26.4699546196297,76.8688856658802,215.21434946667816,Jute
57.870586219177184,27.091356422323017,18.766684302285093,6.915516728716697,35.08263827175967,81.59665482533728,206.83117031844168,Jute
82.92177383636192,38.6485556595763,29.539951880274906,6.125378884108188,26.087251539921212,83.53473397359772,208.72910289488604,Jute
55.55397714679708,21.23950071979039,28.321205733882078,6.868870795539387,28.644521985948586,87.8210123386107,213.43075669581117,Jute
79.17716941056706,28.548621423204285,16.70097491017363,6.433727062646017,29.944897373959673,81.01888387681205,169.50244416139853,Jute
84.74205589148835,24.882736416138126,17.978286053056394,6.526802918855936,30.98370633213355,78.79641475666489,229.4702931692729,Jute
70.49963202185808,32.19390910289968,25.85619578111678,6.025025101563867,31.418374373085584,87.68388942456738,161.56498686328905,Jute
67.15546311402883,38.5245490041166,20.297316034238065,6.458728824200241,36.760038109576065,73.98647717901147,165.87296702125053,Jute
80.78267772583914,37.369306824247374,22.081167520200196,6.514207174477287,34.86548280503187,84.7711899623159,183.86341019953096,Jute
55.50680065214556,29.594003250670916,27.88368489143462,6.895834676690162,36.43094056199,87.59126475225563,212.20391997682884,Jute
68.33816797708303,35.49699693068198,26.097324515483947,6.538143430081455,25.135255843260097,88.52162693573837,201.00422837514958,Jute
65.90001345748793,32.591347903375436,25.107569417504653,6.2106879170303015,34.880204982529435,75.79874187324756,176.8015533322885,Jute
67.19199558563493,34.611201617949305,29.48187267659705,6.8092812643714336,36.22452890971249,72.81211608153053,166.4059118977309,Jute
71.73114285720014,25.805949660880685,27.42082459453909,6.671987871402326,36.61946613181533,75.09584711462608,203.72057029197092,Jute
70.0372143227606,24.783535897147523,23.851400992320116,6.443285986079239,29.807380227868357,77.25473295944967,161.52364171829817,Jute
70.66285710744367,26.70495671400662,15.019798034764944,6.3079437076619325,27.62216833016684,77.86896306447272,171.86667906790572,Jute
70.23051473905254,33.848807050362595,24.452783535818586,6.803754947569191,29.876107743832055,80.38183460679457,232.9361746773085,Jute
67.83103512457716,34.031986997991936,21.519035530769877,6.417736194511563,33.88267311887908,73.49673830932423,190.47273747474162,Jute
61.725168302407056,27.182198859351942,18.45562233549036,6.579405631086654,34.376220434031985,85.73226122435804,192.80508680939133,Jute
84.66281217682786,31.877087294116016,20.991004526674423,6.835539279241425,33.48836216435433,84.9855067364821,177.65254147604844,Jute
69.04972922105665,37.23656261649205,22.560570114431357,6.68345274342105,31.643138529445437,86.84713575436764,185.61047557854423,Jute
72.26425833659094,22.46469336019608,25.35316165049202,6.731967838352712,24.55688517545698,83.5158192725597,197.32211387492077,Jute
58.72290628329047,28.398150953969353,17.913493945433725,6.415559532123316,28.99640736346086,84.76783273872115,229.6794002349723,Jute
73.21085963153641,20.45373684364895,28.965334186064908,6.686233280096448,24.444540848975453,86.37665798428236,178.02395392461966,Jute
72.3766356871332,29.332687399003742,21.297581735326148,6.889713720124398,29.68569679031399,71.50688235146302,245.19748544934572,Jute
82.61605693718883,33.68865379163198,22.018387921980374,6.0928594729435215,34.27972554150719,71.50955828848058,166.1740886405631,Jute
71.12151527318105,23.202564803692805,15.115954010105234,6.4231134309957865,25.783824010930857,73.21030830561382,166.92195748618013,Jute
61.1528126117083,34.30968359548778,27.13390960826687,6.452533644029301,30.58519960645843,70.65310069188405,166.23846352341852,Jute
62.72703176948551,30.877968414262952,26.093267231024896,6.605003061338033,29.097662114828246,72.36648146006276,230.26959113984705,Jute
65.91358154797172,34.72108028965579,22.694682628715128,6.738662053561825,35.794764298883436,88.42059032107605,208.15961020005432,Jute
70.34525094296916,25.313569310056746,29.03699747293937,6.457919167199621,25.658686110735903,78.654098292531,171.43479252142035,Jute
70.07595052771225,31.225510297124245,20.06633642240378,6.071650614231484,36.26554596323211,85.46706226966859,235.4992972454609,Jute
66.00605182858688,35.21662060038901,22.280593427537916,6.201083488406046,25.61750389979377,76.90101738644114,172.37969003276257,Jute
84.94806928612206,20.98377980464044,21.61715399053615,6.452093522390384,27.90821507156178,81.4270313141389,173.49793217363901,Jute
78.51737141761701,26.648954364952765,23.87013884697963,6.715639236066959,35.5575475299721,86.71574872904401,214.74781252932036,Jute
66.6517954115166,30.064093401499278,26.53102190068204,6.877545542559473,25.349165066296734,77.69712524986107,229.85049385721504,Jute
67.94955287781883,26.644555281325676,21.169840452349042,6.602844746786351,36.99746687373942,79.85984858209063,178.76450274588345,Jute
59.88539725837284,20.846994949528288,23.382258523774823,6.544572091488834,26.66804104814402,83.90658812905134,226.69963374667128,Jute
62.77294616146334,26.88199528059473,29.857075085208848,6.374264467850734,33.890421732829324,79.0545085325988,231.40103450748785,Jute
78.07069716347944,33.35512050397071,27.821675194433688,6.939218494877685,31.53978316587709,74.74937814445491,195.87660654796676,Jute
77.7491714053988,33.01766970247739,17.666975078478732,6.051239541146424,32.878500716046844,75.0215804805869,204.9703219356148,Jute
77.40240317537783,31.253335613126662,16.249538746676947,6.185580236783555,26.85126639240195,75.1572850728969,210.8863052755454,Jute
70.11897339476181,24.06320076728418,16.013322651835306,6.171432204474718,36.79695706404184,79.37093899582945,238.06109542319012,Jute
80.4625740000653,30.230391149257475,25.600315626908152,6.192752010412712,32.94915716404981,75.44769158526579,234.88558870787358,Jute
57.511723993267296,35.46277345770555,16.499053598529294,6.881189236894309,27.954658735755046,83.08786729661149,203.8752050758252,Jute
65.98909435787017,32.90883666366993,29.21284470826857,6.0412697473746215,35.94508712648036,82.18163310042027,232.6582870692147,Jute
66.51624860302833,29.436859496752277,28.03276127701746,6.4148479698098235,30.950574367738106,70.40389846168665,174.27382052542382,Jute
74.25059523924399,34.33953802127754,23.73901405176749,6.143310036275611,29.790270571511854,77.10189532726379,204.60952096315793,Jute
81.10987103662282,35.51722877317304,16.259842520837385,6.890309197774564,30.132972964947704,84.87724289771997,172.60353081379168,Jute
75.12158577121144,24.72652035218916,21.575713457113974,6.016862870082105,25.97093829309619,71.8416098624724,181.57697556444327,Jute
58.00054270072967,33.83820053239124,15.43559853313829,6.617740500624998,25.829201800732466,88.90322914355794,243.97846657988688,Jute
61.765093075628876,32.288425964460586,15.420079792086877,6.931788543051174,30.798835006492226,70.86446302835557,190.82499937073237,Jute
57.305483855837025,27.858888787467198,25.048895132419844,6.46988990804144,28.988388271352907,72.3831409108093,182.04451411242906,Jute
58.00429863215054,36.14997463313321,17.02859741977084,6.595373366548894,28.455625376654996,74.51956769310367,217.55215955428935,Jute
68.71006928130822,28.002909345691183,23.89278007338332,6.491267628490001,27.94529471117029,81.18122575530504,220.2548718895625,Jute
55.80079475760563,29.31743457815351,15.865249268753157,6.186405414068111,31.28661354301365,87.3237783053116,239.45251112696366,Jute
57.09832030415894,28.38210172573413,23.74509724506827,6.147069904550343,33.950618817682034,84.88470516874477,241.30069123361153,Jute
55.25458036250329,24.33368487978005,27.407800713679826,6.670580050826936,35.62706809808038,71.14359309060534,213.72675691447986,Jute
72.07139724681022,20.713488327210648,22.702831153687253,6.609520311309924,26.486811264627395,75.46659166249326,217.63126116679632,Jute
69.04902842799875,37.16027315136654,20.135726490137827,6.2666596583882015,36.803257224482955,88.22271540260166,162.6093470499082,Jute
78.12185845919697,22.20669547650406,15.412277922440564,6.273695515966349,27.501496427794358,86.3863752469393,223.96005213485518,Jute
84.44828281996043,34.23025800623637,21.27383329884072,6.698927660945217,36.992967873423225,84.20283765125056,228.55132203822865,Jute
83.15095045570779,22.273025226233667,25.571764401715903,6.850805957967449,36.40692180287161,74.21938579423399,205.35361069518197,Jute
75.41664542933445,24.94935459002675,24.00709294875411,6.257578782497999,28.334941266911414,78.8303739302173,207.627108887191,Jute
68.48097614875452,29.863910395758584,19.47883134432439,6.158965094022631,24.615549705248913,73.91957444983335,212.3749277355205,Jute
78.58346343409397,23.38495194885789,16.628330366589726,6.74929036054925,27.967058296984767,89.02998878454704,224.2886173549336,Jute
64.80268141729093,25.7908549558741,22.855475794069637,6.079144668278209,25.529794664388888,73.51715762632385,229.7251233974104,Jute
70.41572077807368,20.211342455488857,25.102747912081632,6.423690178660497,30.641080744529372,74.28232486825871,209.66040055546932,Jute
84.37459719254466,21.46889382011523,19.258760994966458,6.24299759286083,27.231141039765333,77.57412715130755,233.62988062697508,Jute
82.38576069893162,24.044301749179468,23.144249069221694,6.63689897216548,30.783757166729984,78.68152788393839,177.27779552733142,Jute
69.64658077597716,28.024296554226577,26.933450437534045,6.763604359162995,25.74198285567372,71.77038105126135,241.73385489047527,Jute
71.06525166893493,37.156018745651814,15.872266808496017,6.52651561652163,31.012544689491072,87.214040650843,168.7848998406737,Jute
62.21336691027728,28.130766277740264,27.987622131299133,6.938883315070567,36.90542005471716,89.18386972917042,160.5347580259919,Jute
56.43125024361616,22.952136383151775,20.232931451554098,6.829918030986959,35.60453053936125,73.73668812589166,215.7697736457738,Jute
82.5208595519583,29.274634718626416,16.55315357929176,6.457813650084625,28.885333729744744,81.55315992132014,199.47928159663934,Jute
55.52037780561154,39.87995466827343,23.153103565958563,6.47363075548461,36.4100258295527,73.11720735174154,177.03138422907233,Jute
79.24044247188351,25.216621600500176,26.988406594372904,6.271533482908502,24.43143919292502,80.34029447773432,177.70177907141752,Jute
77.73538878797413,32.82399266464296,28.854040019668766,6.782988357265736,26.350087412929447,86.00316473329593,217.75633403326208,Jute
75.06854925281874,36.64525771940298,23.607361037834103,6.466003514353013,32.27633345966346,75.95914857916718,176.43374179783893,Jute
73.4976351421374,24.676967381709552,16.1987266401991,6.000554184585254,31.908152218200872,77.24297566960473,227.70798736061104,Jute
66.25529194939307,29.720068964764536,21.106274592230776,6.650574791109346,28.629809106194585,89.27535299884617,244.25322879386772,Jute
80.44083707971845,38.40600541145496,21.737095326890866,6.536430396789492,33.647203703257176,83.92291849877083,240.16107360449237,Jute
76.48993081770087,39.95769416456921,20.227586997473864,6.832997742239418,33.069252696824634,83.82772890430037,189.3252035360499,Jute
78.56805377269067,38.007520446951986,18.278226922808443,6.625496837116704,29.097752778336076,89.79096238589754,203.09495342485133,Jute
61.84960521390828,27.63715250443665,24.807575847249396,6.0760893713495765,31.846824962876088,88.62449518357796,236.53265088920654,Jute
57.0302060997395,39.86779757478136,25.48090385555819,6.162280824314024,24.161409159202506,73.42565272584302,235.43583286171645,Jute
55.64917974835491,24.66294607236173,26.35958393002313,6.586110535898135,34.1755642346825,84.92301007653576,164.55412484096243,Jute
81.77534257282454,24.540636685645374,23.300886603446457,6.644288156527779,26.19216674150624,89.52462513401949,203.9340360478578,Jute
56.7292808679218,38.745240895556805,23.79401764789902,6.699193197981376,30.827285269144912,86.69475909553935,162.98201159738898,Jute
63.05135095831443,29.392967128053844,16.14905424470565,6.705906669326659,29.117624382723328,75.45335980536288,160.30409621275712,Jute
76.5949093524986,36.67618617745724,20.925608035222478,6.5642179770333655,26.95992613708478,82.44395292560266,161.09237124836804,Jute
69.65931691296275,32.88410963681385,28.77287659844601,6.3813358171222845,33.94747263875339,81.95374059887001,243.43109016325724,Jute
66.95133026978291,26.38190679745976,28.307129980412157,6.04924440140829,25.773010108137797,71.64808869168088,235.87989609187622,Jute
55.31822270110958,37.23314310994096,21.769016930569002,6.0040252788539705,29.221387303756543,73.73601682090072,216.19604387249467,Jute
75.3807636976494,29.750551408099994,15.60779288159505,6.656128804367202,34.94650418687178,84.40648554652803,234.69621270597867,Jute
61.015285706526626,37.77775879312965,19.83290175971944,6.013404814251991,34.964091402277916,88.83642537929454,219.00023776756137,Jute
61.94309891390274,25.034889285650607,21.998893101534293,6.89783107960142,25.944769529918258,86.51947339166973,186.21725278346352,Jute
79.25758508287294,38.40542395203077,21.412408079914805,6.365050654105531,34.428877146626924,80.58965764758788,221.60041436168774,Jute
98.6848771088354,38.057776912895925,41.89580720579123,6.195775111413136,24.322821440707806,60.01142582844296,223.3880973273742,Coffee
88.53966180480776,41.35570817173728,31.200037055646106,6.747892254026083,20.56815117969393,72.65904911694994,180.73727192040448,Coffee
100.75977566170234,50.05897199326221,28.029642260599164,6.400589357319811,19.82817494350411,62.113747797887484,182.2112595969138,Coffee
100.59259681992926,39.317327953189775,39.18781490502258,6.935044196390731,20.65197521177751,67.22868473478948,156.8932702124089,Coffee
105.93430710853485,40.70895574399731,37.301023310571296,6.979112169744802,20.95502600572808,69.49418974928756,194.5319618223752,Coffee
81.81097530545172,50.95198698979577,25.699976825279713,6.700657828887854,15.22921573149637,72.2461047315334,165.76360358329805,Coffee
95.42814486327653,46.943014089662945,34.15090814746824,6.340763489348888,19.67814296180972,61.22831507762317,193.81223470808632,Coffee
90.76738972994092,46.324096470142905,29.75848324489967,6.988656554914012,20.008699533821655,58.883241548290194,197.70667495672726,Coffee
105.99245388574472,35.43613586248791,38.59108238214578,6.5479677967939285,16.695579943701354,71.34952878609842,186.88846223740057,Coffee
88.81406086446522,51.562503837138024,37.770500923833296,6.898259083674825,21.298837036711994,69.8163531586423,233.6445896259613,Coffee
81.64218907729811,50.5209791773876,37.27412963699153,6.069507796515193,20.08577921868715,56.64916155967908,223.59472017232224,Coffee
96.3950514169365,54.07147074824594,28.662707431435397,6.6060334525203785,17.115821345704912,67.28129969454797,222.26497023608565,Coffee
101.66912987988616,51.30147981365219,42.07100455916633,6.077271726267177,18.43267157072404,68.74245040719612,199.85862873912123,Coffee
85.72027840264374,46.05419140333396,33.14871305532287,6.390038277654305,23.09753717435664,63.151966676643625,152.64545054804242,Coffee
81.74190016673273,52.12488083383241,44.212016200250424,6.688409336455708,18.6436829410008,73.77200631589454,216.28030863757357,Coffee
105.33000647598013,50.317046080740184,32.58278631545185,6.478702200850785,16.861321543680994,60.84028200881468,227.81256612865218,Coffee
106.81935175649325,49.489208465028234,34.303473933132764,6.086509268939747,15.569479486984482,62.48651129225708,196.3821718767663,Coffee
98.2736186663989,35.12979042773994,44.794457809326126,6.3639388834040425,23.480946638011215,65.69933411330808,163.04394545333466,Coffee
103.92696657603565,49.19654149839752,35.54872169858456,6.51455309133378,15.87479605750928,68.11697897147748,241.12451557543,Coffee
82.79734757664075,40.2702290129781,43.04615946884198,6.2843439098197935,21.539436721799262,65.69636329886288,209.6327605003862,Coffee
92.47366704731759,40.999829411074224,25.97066901459338,6.744280939294164,22.46093462194227,68.41451480157447,214.36337881196206,Coffee
87.31151396502578,35.446898675325826,41.17430793770879,6.491138535695827,18.068381307026183,57.0386381356114,156.27215909013884,Coffee
90.46600165385532,51.09474129533881,43.37447498667661,6.896751364613065,24.20000834749655,73.15450686258686,202.72247516003958,Coffee
86.58246915670712,50.960931656736406,29.27425949705158,6.267207276756569,17.332543218225485,65.29964807391612,182.182750816908,Coffee
84.62468148876025,44.06346823787764,42.47814477570334,6.570552854949972,23.78335605887587,58.91744370158275,166.6973873672554,Coffee
97.26731377095261,44.26657803092546,38.203452832939135,6.794626791026782,22.513072956521764,73.84522347317122,189.82564091570117,Coffee
86.19160226744542,46.01825279895772,27.214862403823712,6.288851123331631,17.078880552631446,62.931274335941616,161.12165750022154,Coffee
80.95525233644294,48.13588009260064,37.204979565796094,6.708358936038661,21.60386440271344,57.28589362284767,179.10788813756463,Coffee
83.88579829701057,51.85944804097126,39.93807310711047,6.201527002918242,18.413092404898933,74.33229984528428,209.41593578796514,Coffee
104.03466791903472,40.29182069537458,29.201058403586103,6.783916928846549,21.8587245523144,68.61955858423528,205.26345818291938,Coffee
96.90735028329647,49.713950106125075,30.400049622423907,6.352768465856956,23.71636770520055,61.177304020243156,204.6309571379299,Coffee
101.07918392020052,54.99849653666353,33.70582662990664,6.428092876624944,23.425883794336677,71.11006222519727,223.10758817345487,Coffee
93.89688912227086,41.47878240321432,37.17460965169697,6.876223293131641,23.837774582085864,57.16996690140877,192.83502838131506,Coffee
93.94165868596248,54.55230735047506,38.55996030485169,6.407246417262071,15.26057885985593,66.30770320198391,159.6075975638356,Coffee
105.03349872043289,50.05037321140724,34.21018319816358,6.4292107795417,23.973389655687686,60.769167008362565,174.90199621067708,Coffee
108.17592298477285,51.18491673506965,41.412511861343894,6.1951938142759255,16.432959914309343,55.5205909963427,173.704150891868,Coffee
103.22571475142973,39.800768375283,39.582065671897524,6.251908265367422,18.95292497950672,74.66324579822816,174.48117312841356,Coffee
91.29111881894804,41.02174360930427,27.192499726600047,6.489894142130825,18.786906633330023,68.8977417161456,231.7594546951546,Coffee
96.32749143486916,35.64392844174674,37.37844712469443,6.055390730020939,21.16356323599025,68.70059898538378,169.77676276175185,Coffee
104.58038446165313,53.22170263148097,41.261739282276395,6.305109190212082,20.866430124456343,73.29630298382455,182.066472622285,Coffee
104.60083466796274,35.18950262523393,25.072934055693526,6.759711660338968,22.614475821271213,70.77954375704587,243.00268378881623,Coffee
83.53718935460853,39.63969969967377,43.074498407476156,6.177236197772354,21.82229267576584,65.6092600008163,158.31936768515072,Coffee
88.55790985824598,45.40744432881936,42.04700233367668,6.707538489614674,21.21883161454933,64.9206577988283,179.86839838141344,Coffee
83.57734733957784,43.18152069132191,25.57036987822585,6.21105588926685,19.324833758726598,63.3721037134383,154.42954309969923,Coffee
97.67180460575874,45.99368511706473,26.562086080418258,6.94316305246044,15.9938277895086,72.09668302474672,150.0309731915006,Coffee
106.46843285136148,35.39439464408625,40.156240637842316,6.361690811300253,22.382168001363198,63.03490410849957,157.09079223318417,Coffee
103.02520086186092,36.4250537064273,43.44240871922436,6.050974035791661,19.793252777715153,69.46068861701592,189.32464647920378,Coffee
86.51700423777304,50.18181922792054,40.68589409577453,6.922694983954367,18.761651104310776,65.12503468994653,186.3128442846072,Coffee
87.71245465554105,50.02065923075217,31.79303690033911,6.428149441992352,19.03673657624028,69.25322451293492,241.77956261106797,Coffee
100.00268183922131,44.43165192188465,40.584102294777665,6.6409713241221375,15.606103571178135,56.913271728376834,153.79169440736334,Coffee
93.7044897861896,51.5170686867793,31.261663387027042,6.384160183092481,24.094771083678907,71.7380689063331,216.504811238256,Coffee
88.00411346276753,37.34082965376887,25.321176453602273,6.107010672604421,17.92596443623943,66.03580127158992,156.4000082752387,Coffee
84.08683334955347,38.62161404615882,37.63964185966613,6.615789798980124,20.50765726372153,60.010028493918796,187.1119691218732,Coffee
82.90069149013229,39.5292120751611,42.95410452945161,6.979691746435829,21.476595856402945,73.3364658404684,214.2741900401425,Coffee
80.9958945831641,54.935251699728184,26.979046033730697,6.682641801445061,17.5283620307479,62.8396222581392,214.59341848009382,Coffee
93.09462047923121,40.01092117862257,31.688923737566494,6.341548116923176,24.593239045082136,70.97226031846903,195.85487714794002,Coffee
85.99462761024093,51.22032220525312,28.14364943216747,6.210462217142004,18.660133918401513,72.6069639170398,163.17866686341102,Coffee
83.66702578563579,44.87949976610532,30.528210821873493,6.568727941648159,19.516366846832234,63.699182127024336,161.19729704869934,Coffee
84.2314907074952,51.421571548937,42.71765475143489,6.23468353288525,16.13460501524769,56.06833343869021,210.82976137418967,Coffee
101.46059637500616,42.45619978406411,38.59351734981279,6.712958815559526,24.353422813969054,56.29747275670214,169.22917232310797,Coffee
82.05577962790964,52.35987866672221,40.85174320067137,6.574642070621839,15.836634100511832,60.46624717307439,179.7719848058517,Coffee
96.82229588046252,40.16087788073431,26.459197278259097,6.730762301853299,17.990802116554114,64.04748354046602,162.76666349823054,Coffee
104.07644910183738,46.31063753848115,43.03171252419726,6.495471563065333,24.414256718178798,72.83736408762653,207.6459856459234,Coffee
108.0168031444959,41.461774945891044,32.31284325408423,6.045477951306037,20.892009067638533,69.43847939857866,227.3519190242103,Coffee
84.4944885813831,43.883181446250006,28.53726424187831,6.6621273488542485,16.579463724217682,73.0832736791215,173.06346456614133,Coffee
88.74206798864735,52.018126443019995,34.169352202914475,6.023995945800073,19.94586251202646,56.69086670760246,248.53447186873106,Coffee
97.64334711366807,40.13065235221957,36.27435359095236,6.076867103381755,22.99891304268817,73.50656107728327,237.44443882061597,Coffee
90.25272806895688,41.515362392867374,25.701752224326,6.651400358700917,20.34904784189795,64.18692742654683,240.7630953334707,Coffee
85.03636703248539,35.19332533380365,26.46632904241531,6.223371437827369,15.33285549263457,65.05687421286271,181.4090455233578,Coffee
85.41449024204398,50.00168149897324,29.0890265246506,6.687605100993793,18.49264905847639,65.2365552132511,243.386703985132,Coffee
81.12054904447439,45.00529014954924,42.088459206552365,6.587974248370348,17.768705169651568,62.95362270290069,218.02656287285745,Coffee
106.72435682941409,35.82132747493223,26.430776437807527,6.325051523609588,17.327796844374788,60.29861772444812,172.1269998625881,Coffee
85.87475146565473,37.612479337385835,43.67908263590476,6.144189463906153,17.044037747655363,59.925314479615714,243.30148731304206,Coffee
102.67142400803255,50.79398860631029,27.09516519076996,6.8363098750156714,19.08193081817418,60.25646052424777,207.57500835203106,Coffee
104.66548717450202,50.57304302149819,42.79994965162264,6.928132186015444,17.381220714277497,63.47715788338543,151.462853920507,Coffee
106.3796497779518,38.09144302949535,42.229496246853884,6.329387321986596,18.681335899811383,55.78264508967719,182.68787897653198,Coffee
106.65091048403792,35.51094802243208,33.126549460934505,6.031399629812741,18.70923425109065,58.452812815605824,175.2218393268372,Coffee
106.32795119484257,43.72098441243782,30.475959828038242,6.589338377950548,16.421069598325822,60.187832148417115,204.62479676028886,Coffee
87.12569125544206,48.582554748017465,34.82982604519045,6.7719890702546905,24.482445357224684,57.316097786948156,183.46650099845448,Coffee
89.5864718863522,38.02365838674508,41.20606274666942,6.75987870403879,19.84425470834399,65.7554155558922,155.95441380024963,Coffee
96.66522056981137,50.82683048039273,36.47655147167714,6.265306370120419,21.67548272334337,62.229768599304954,204.4873284285735,Coffee
94.62696089836774,42.623500019303606,39.3775596078827,6.883876111985882,15.052125184769249,73.67233038460735,201.1515136083225,Coffee
101.02195641089796,52.112491323517546,34.3420738462854,6.83497407336489,16.776198194552023,58.18335068959629,215.74713688561536,Coffee
106.10429016655212,52.848523550720785,37.87480916754493,6.525489230209318,18.313930876965163,74.60000831198663,181.96956866662504,Coffee
102.32558321694779,45.63963599810002,37.170246850506935,6.3934805505886265,24.64823125472248,66.43364652198542,243.778763045879,Coffee
80.22774248521742,46.45341166382242,39.34373779450543,6.745080171162218,24.049768817816812,55.08803218007573,150.03301592594764,Coffee
94.16790382385646,35.58587410010741,44.49065107324749,6.222065174541392,19.726647293648448,56.22275260024447,202.20484161712585,Coffee
91.39868375442225,35.89320057754448,31.702485333924493,6.391436020222856,24.8992149127494,59.15771743838751,204.47796153700997,Coffee
109.61946647595886,50.840384158802706,44.86735001764178,6.968298314660169,19.895395420941544,68.92751699741132,161.04431269411512,Coffee
93.23446475140406,51.180370845333954,35.10670641954287,6.702699032817232,22.45751329984277,60.069382824857875,237.56993729425653,Coffee
93.79467292727537,39.20370207243087,42.30831763576887,6.417818806106253,22.503124383797196,65.96066144443186,188.18717522345003,Coffee
104.29629245115709,46.689398632892264,32.811242048540635,6.1095978703351275,23.95445313766708,55.70939170683333,236.31873483680562,Coffee
90.79884574649466,47.786775270028116,43.443994476713705,6.151706615503898,20.6695047563881,70.28865724740385,225.75838327190576,Coffee
95.76895743798512,47.49478919812916,40.15053988265689,6.841027637757412,22.61813096875864,62.080098863624855,249.67264010577333,Coffee
93.03508081157914,35.48929405517867,32.25233903170924,6.127782954573843,16.21442615728375,60.63070080213789,155.33754941772608,Coffee
100.65536565228689,36.479777684038105,29.065791108719125,6.092899714494119,15.63167730903031,60.35503331079083,207.189896766037,Coffee
108.94056669340526,52.511133086992125,42.5186785089065,6.176067036037658,17.649071934978203,56.52786633590611,227.8468339915185,Coffee
82.09448904456686,46.133913416417066,29.957511446479014,6.2434456340287445,24.90725055247605,70.13559613957075,233.69393582910502,Coffee
97.15948056032038,52.420285747874985,37.90981078332706,6.946173704796346,17.813385860456368,66.90639091565791,219.01313479368923,Coffee
91.7881191508342,52.59415964808106,44.59606326208309,6.493769491372662,18.906406548043392,64.43875857112917,235.27367457319315,Coffee
